id,area,requirement,milestone,status,evidence,notes
M0-01,platform,Rust workspace builds from a clean checkout,M0,implemented-verified-e2e,cargo build; cargo build --release; cargo clippy --workspace --all-targets: 0 warnings,crates/domain lorehaven-db and lorehaven-app
M0-02,platform,Application starts with SQLite,M0,implemented-verified-e2e,crates/app/tests/milestone_0.rs; all 81 E2E ran against this backend,
M0-03,platform,Application starts with PostgreSQL,M0,implemented-verified-e2e,docs/verification.md (M0-03); PostgreSQL 17.11 in docker on 127.0.0.1:55432; full workspace suite green on PostgreSQL 17.11: 101 suites / 2167 tests / 0 failed,First run against a live PostgreSQL on 2026-09-11: 8 migrations applied; seed; serve; /health/ready; and a scripted journey covering a work + a chapter + publish + two-device progress + rating + review + notes + library + jobs. Eight dialect defects found and fixed — one was a password update that silently wrote nothing on SQLite. ADR 0004 amended: integer columns are BIGINT
M0-04,platform,Configuration precedence argument>environment>file>default,M0,implemented-locally-tested,crates/app/src/config.rs tests,
M0-05,platform,Structured logging with request IDs,M0,implemented-locally-tested,crates/app/src/server.rs + http.rs tests,
M0-06,platform,Embedded frontend assets served from the binary,M0,implemented-locally-tested,crates/app/tests/milestone_0.rs + browser check,
M0-07,platform,Explicit migrate command with an embedded migration catalogue,M0,implemented-locally-tested,crates/db/src/migrate.rs tests,
M0-08,platform,Development seed command that is idempotent and refuses production,M0,implemented-locally-tested,crates/app/src/seed.rs tests,
M0-09,platform,Health endpoints distinguish liveness from readiness,M0,implemented-locally-tested,crates/app/tests/milestone_0.rs,
M0-10,platform,Production startup rejects unsafe development configuration,M0,implemented-locally-tested,crates/app/src/safety.rs tests,
M0-11,platform,Continuous integration,M0,implemented-locally-tested,.github/workflows/ci.yml; docs/verification.md (M0-11),Workflow file written and every job's steps now executed locally with their own assertions: rust (fmt clean; clippy 0 findings; build --all-targets 0 errors; 791 tests passed); frontend (0 svelte-check errors; 136 tests; vite build ok); embedded-assets (builds with no frontend/ present); postgres (8 migrations; idempotent; readiness reports postgres). No hosted runner has run it — the repository has no git remote — and act cannot bind-mount this tree because the Docker daemon's root user cannot read it. One defect fixed: the readiness assertion compared a field the body does not contain and its || fallback made the check vacuous
M1-01,design,Design tokens implement the Reading Room theme,M1,implemented-locally-tested,frontend/src/styles/tokens.css + docs/design/THEME.md,
M1-02,design,Three polished presets plus system preference,M1,implemented-locally-tested,frontend/src/lib/theme.test.ts,
M1-03,design,Reusable component primitives exist,M1,implemented-locally-tested,frontend/src/lib/components/ (25 components),15 of the spec 6.1 primitives exist as components; links and labels are CSS; the source-health badge and the visibility selector exist inline in Import.svelte and WorkEditor.svelte. The rest are with the milestones that consume them — see M1-09
M1-04,design,Controls work with a keyboard and show visible focus,M1,implemented-locally-tested,frontend/src/lib/components/Dialog.test.ts and component CSS,:focus-visible rule in app.css
M1-05,design,Dialog traps focus and restores it on close,M1,implemented-locally-tested,frontend/src/lib/components/Dialog.test.ts,
M1-06,design,Layout works at 320 CSS pixels,M1,implemented-locally-tested,frontend/scripts/measure-viewport.mjs; docs/verification.md (M1-06),Measured in a real browser at 320/360/768/1280 across 19 routes; every route holds. Two real overflows fixed — the header kept the sign-out button and then the whole control cluster at narrow widths; and a server-written connection string set the home panel's minimum width. The earlier hand measurement compared scrollWidth to innerWidth which mobile emulation inflates so it had passed vacuously
M1-07,design,Reduced-motion preference is respected,M1,implemented-locally-tested,frontend/src/app.css,+ component-level overrides
M1-08,design,Navigation: desktop and mobile shells,M1,implemented-locally-tested,browser check,/discover /search /library /write /community /notifications /pseud
M1-09,design,The remaining spec 6.1 component primitives,M1,implemented-locally-tested,"frontend/src/lib/components/WorkCard.svelte (variant=""full""|""row""|""compact"", plus the library-only facts: reading status, private tags, shelves, batch selection)","The richer work-card variants landed with M8, which was their only consumer: one component in three densities with the library's own facts drawn in all three, because a marker that vanishes at grid density looks like a marker the reader lost. Still outstanding, each with the milestone that needs it: the combobox with M9 (search); the permission-request panel and extension-slot boundaries with the extension work; the positivity-context banner and the feedback-preferences panel with M10"
M2-01,identity,Registration and login,M2,implemented-verified-e2e,"crates/app/tests/milestone_2.rs + frontend/src/routes/Register.test.ts; e2e/use-cases.spec.ts :: ""2. a visitor registers and lands on their account"" (81/81 at da09f0a)",API and pages; driven through a real browser
M2-02,identity,Opaque server-managed sessions in secure cookies,M2,implemented-locally-tested,crates/app/src/auth.rs + crates/db/src/sessions.rs,Tokens stored only as SHA-256 hashes; cookie flags asserted in tests
M2-03,identity,CSRF protection for cookie-authenticated writes,M2,implemented-verified-e2e,"crates/app/tests/milestone_2.rs; e2e/use-cases.spec.ts :: ""2. a visitor registers and lands on their account"" (81/81 at da09f0a)",Double-submit against a session-stored hash; GET is exempt; observed as 403 against the running server
M2-04,identity,Pseud creation switching and isolation,M2,implemented-verified-e2e,"crates/app/tests/milestone_2.rs + frontend/src/routes/Pseuds.svelte; e2e/use-cases.spec.ts :: ""19. a reader adds a second pseud and writes as it"" (81/81 at da09f0a)",Create edit activate and switch all have pages; a hidden pseud is a 404 to the outside
M2-05,identity,Privacy settings stored from onboarding,M2,implemented-locally-tested,crates/app/src/routes/settings.rs + frontend/src/lib/components/PrivacySettings.svelte,Defaults written at registration; the form renders the server's own key schema
M2-06,identity,Block and mute primitives,M2,unsupported,"migrations/{sqlite,postgres}/0001_identity.sql (blocks and mutes: tables and indexes, no behaviour)","Block and mute tables exist and enforce nothing. Deferred to Milestone 12 (forum, messaging and realtime), which is where they must become real on every path — search, mentions, replies, messages and notifications — because a block that hides a comment and lets a mention through is not a block. Building the enforcement before the surfaces exist would mean guessing which paths it has to cover"
M2-07,identity,Age-policy state machine,M2,implemented-locally-tested,crates/domain/src/policy.rs,
M2-08,identity,One shared content-eligibility service,M2,implemented-locally-tested,crates/domain/src/policy.rs,No caller uses it yet because no content endpoints exist
M2-09,identity,Rate limiting keyed by address and account,M2,implemented-verified-e2e,"crates/app/src/limiter.rs + crates/app/tests/milestone_2.rs; crates/app/tests/milestone_2.rs, 27 tests incl. the credential-stuffing loop",Per-route-class token buckets; fails closed when a route declares no class
M2-10,identity,Password reset with single-use tokens,M2,implemented-verified-e2e,"crates/app/tests/milestone_2.rs + frontend/src/routes/PasswordReset.test.ts; e2e/use-cases.spec.ts :: ""4. a visitor asks for a password reset and the answer does not name accounts"" (81/81 at da09f0a)",No email transport; the token is returned in the response outside production and only logged inside it
M2-11,identity,Reading preferences with a policy ceiling,M2,implemented-verified-e2e,"frontend/src/lib/components/ContentPreferences.svelte + crates/app/tests/milestone_2.rs; e2e/use-cases.spec.ts :: ""17. a reader changes their reader settings and they survive a reload"" (81/81 in full-suite order at da09f0a; use-cases.spec.ts is order-dependent by design, so this test needs test 7's work)",The interface reports the ceiling and the effective rating rather than letting a preference look as though it took effect
M3-01,writing,Drafts chapters publishing and revisions,M3,implemented-locally-tested,crates/app/tests/milestone_3.rs (11 tests) + browser journey in docs/verification.md,Ten-writing flow API and pages: /works /chapters /publish /withdraw /reorder-chapters /restore-revision and the pages behind them
M3-02,writing,Optimistic concurrency with REVISION_CONFLICT,M3,implemented-locally-tested,crates/app/tests/milestone_3.rs::a_stale_edit_is_refused_with_a_conflict_that_names_both_versions,Works and chapters carry version in the WHERE clause of every mutating statement; a stale save writes nothing at all
M3-03,writing,Autosave with local recovery,M3,implemented-locally-tested,frontend/src/lib/autosave.test.ts (8 tests) + ChapterEditor.svelte,Debounced save with saved/saving/offline/conflict states; text kept on every failure; browser-local recovery copy offered rather than applied
M3-04,writing,One restricted editor schema shared by client and server,M3,implemented-locally-tested,crates/domain/src/document.rs (16 tests) + milestone_3.rs,Unknown node mark or attribute is refused rather than stripped; depth node and size bounds; escaping and link-scheme allowlist
M3-05,writing,Sanitized HTML and plain text derived from the validated document,M3,implemented-locally-tested,crates/domain/src/document.rs + milestone_3.rs::markup_is_escaped_in_the_reading_view,Derived once on write; the reader renders the stored HTML and never re-derives it
M3-06,writing,Publication is one transaction with an idempotency key,M3,implemented-locally-tested,milestone_3.rs::replaying_one_idempotency_key_does_not_publish_or_notify_twice,Readiness contributor check state change event and outbox rows commit together; a replayed key enqueues nothing
M3-07,writing,Contributor roles and pseud-level invitations,M3,implemented-locally-tested,milestone_3.rs::an_invitation_names_pseuds_and_grants_edit_rights_only_after_acceptance,owner/coauthor/editor/beta_reader; an invitation names pseuds and never accounts; ownership cannot be handed over by invitation
M3-08,writing,Ownership belongs to a pseud and survives pseud switching,M3,implemented-locally-tested,milestone_3.rs::switching_pseuds_does_not_hand_over_a_work,Switching faces makes the work a 404 rather than transferring it
M4-01,reading,Reader and work pages,M4,implemented-locally-tested,crates/app/tests/milestone_4.rs::a_visitor_can_read_a_published_chapter + frontend/src/routes/Reader.svelte,One chapter at a time with previous/next; typography and position controls; a draft is a 404 to a stranger. Browser journey not yet driven by hand
M4-02,reading,Progress stored per device and never overwritten by another device,M4,implemented-locally-tested,crates/app/tests/milestone_4.rs::progress_saved_by_one_device_does_not_overwrite_another,Keyed on account+pseud+subject+device so two devices hold two rows
M4-03,reading,Devices that disagree produce a choice rather than a silent last-write-wins,M4,implemented-locally-tested,milestone_4.rs::two_devices_that_disagree_produce_a_choice,Resolution kind ask_the_reader with both candidates returned; ResumePrompt.svelte offers them
M4-04,reading,Position survives a chapter edit by anchor rather than byte offset,M4,implemented-locally-tested,milestone_4.rs::resuming_after_an_edit_uses_the_anchor_not_the_offset,Paragraph anchor p-3 plus the revision it was taken against; position_is_reliable reports a rewritten revision
M4-05,reading,A private rating changes no public number,M4,implemented-locally-tested,milestone_4.rs::a_private_rating_changes_no_public_number + a_rating_is_invisible_to_the_accounts_other_pseud,Private by default; the aggregate ignores it; the account's other pseud cannot see it
M4-06,reading,Public aggregate states its method and count above a minimum,M4,implemented-locally-tested,milestone_4.rs::the_aggregate_reports_its_count_and_method + the_public_aggregate_is_absent_below_the_minimum_count,Served on the public work view as rating_summary and null below the threshold or when the owner disabled it
M4-07,reading,History per pseud and erasable by the reader,M4,implemented-locally-tested,milestone_4.rs::switching_pseud_shows_a_different_history + clearing_history_removes_only_the_callers_rows + reading_a_chapter_records_it_in_history,History follows the acting pseud; clearing removes only the caller's rows; the reading surface's own requests are what write a row (touch_history had no caller before)
M4-08,reading,Typography is account-scoped and stale-write protected,M4,implemented-locally-tested,milestone_4.rs::typography_follows_the_account_not_the_pseud + a_stale_typography_patch_returns_conflict + frontend/src/lib/reading.test.ts + src/routes/Reader.test.ts,Versioned like every other write; 409 REVISION_CONFLICT rather than a silent overwrite; applied from a same-origin pre-paint script and re-applied from the server's copy on load (the inline script the CSP refused applied nothing)
M4-09,reading,Reviews are private until their writer publishes them,M4,implemented-locally-tested,milestone_4.rs::a_review_stays_private_until_it_is_published + a_withdrawn_review_leaves_the_public_list + a_stale_review_write_returns_conflict,GET returns public reviews only; a review marked as containing spoilers renders behind a details element
M4-10,reading,Ratings are readable and stale-write protected,M4,implemented-locally-tested,crates/app/src/routes/reading.rs get_rating + expected_version handling,GET returns the caller's own rating or null; a stale version is refused
M4-11,reading,Private notes per pseud,M4,implemented-locally-tested,crates/app/tests/milestone_4.rs::a_note_is_private_to_its_writer_and_visible_only_to_them + saving_the_same_note_twice_updates_it_in_place + notes_filter_to_the_exact_subject,NotePanel is a side panel and never part of the prose; the upsert is written out in one transaction because the schema has no unique index on pseud+subject+anchor and ON CONFLICT with nothing to conflict on appended a note per save
M4-14,reading,Spoiler reveal on public reviews,M4,implemented-locally-tested,frontend/src/routes/WorkPage.test.ts,Four tests cover the review list: a review flagged as containing spoilers sits inside a details element that starts closed and names the flag in its summary; an unflagged review is plain text. The content is present in the DOM which is what jsdom can prove; the reveal itself is the browser's
M4-15,reading,Reading surface is reachable from the shell,M4,implemented-locally-tested,frontend/src/App.svelte + frontend/src/lib/router.ts,router work-read/chapter-read/history each have a branch in App.svelte; the duplicate ChapterRead/WorkRead pages were removed
M5-01,jobs,Job system with leases retries and cancellation,M5,implemented-locally-tested,crates/app/tests/milestone_5.rs (22 tests) + crates/domain/src/jobs.rs unit tests,A claim is one statement — UPDATE … WHERE id = (SELECT … LIMIT 1) on SQLite and FOR UPDATE SKIP LOCKED on PostgreSQL — so two workers racing cannot both hold a row; a lease expires so a killed worker does not take a job out of circulation; cancellation is checked between units of work; the retry curve comes from the worker's policy and the bound from the row's max_attempts — whichever is smaller; the outbox Milestone 3 has been writing since it shipped is finally drained and an event is deleted only after its handler succeeds
M5-02,storage,Content-addressed storage and quota handling,M5,implemented-locally-tested,crates/app/tests/milestone_5.rs::the_same_bytes_stored_twice_share_one_blob + deleting_one_reference_keeps_the_blob + deleting_the_last_reference_removes_the_blob,SHA-256 is the identity and files land at objects/<first two hex>/<checksum>; put writes a temporary file and renames it into place so a crash never leaves a half-written blob under a name that claims to be complete; delete_if_unreferenced is the only deletion path; quota reporting exists as BlobStore::usage while enforcement waits for Milestone 7's export limits and Milestone 17's storage view
M5-03,secrets,Encrypted storage for credential material,M5,implemented-locally-tested,crates/app/src/secrets.rs tests::a_ciphertext_moved_to_another_row_does_not_open + a_secret_is_not_in_the_logs + crates/app/src/doctor.rs secret-key check,XChaCha20-Poly1305 with a random nonce per record and the key id on the row so a rotation can re-encrypt lazily; the associated data is owner_type|owner_id|name so a ciphertext moved to another row fails to open rather than decrypting; the key comes from LOREHAVEN_SECRET_KEY or a key file and is never stored in the database. Milestone 6 is what puts source credentials in it — Milestone 5 ships the store and checks the key at startup through doctor
M6-01,imports,"Import framework: preview, plan, queue, chapters stored",M6,implemented-locally-tested,crates/app/tests/milestone_6.rs (83 tests); docs/plans/milestone-06-imports.md,"The framework M6 built. The per-source adapters are M6's other rows, and their live tests are the `--ignored` ones."
M6-02,imports,Source adapters with recorded fixtures,M6,implemented-locally-tested,crates/scrapers/src/sites/{ao3,royalroad
M6-03,imports,"A shared safe fetcher: SSRF refused, rate limited, bounded",M6,implemented-locally-tested,crates/scrapers/src/safety.rs (a redirect to a private address is refused and the address re-pinned) + crates/scrapers/src/engine.rs,"The guards live in the shared layer rather than in each adapter, so a new source inherits them instead of re-implementing them."
M6-04,imports,Imported chapter bodies are sanitised before storage,M6,implemented-locally-tested,crates/scrapers/src/sanitize.rs unit tests,A chapter body is HTML written by a stranger
M6-05,imports,An import resumes: a retry re-reads only what failed,M6,implemented-locally-tested,crates/app/tests/milestone_6.rs::a_failed_chapter_is_retried_without_refetching_the_rest,A first import fetches the whole work in one request
M6-06,credentials,"Source credentials are pseud-scoped, encrypted and never returned",M6,implemented-locally-tested,crates/app/tests/milestone_6.rs::a_credential_round_trips_through_the_encrypted_store + a_credential_for_a_source_that_needs_none_is_refused,"Pseud-scoped, so a credential follows the identity that owns it rather than the account that pays for it."
M6-07,credentials,Expired credentials pause affected jobs with an actionable status,M6,implemented-locally-tested,crates/app/tests/milestone_6.rs::an_expired_credential_is_reported_before_the_import_starts + a_missing_credential_is_refused_before_any_fetch,Checked before anything is fetched
M6-08,imports,Runtime source health states drive whether a source is used,M6,implemented-locally-tested,crates/db/src/imports.rs::recompute_source_health + crates/app/src/routes/imports.rs (admin_router, refuse_unusable_source) + crates/app/src/worker.rs (sweep after every import) + crates/app/tests/milestone_6.rs (6 tests) + migrations/*/0006_imports.sql (sources.health)
M6-09,imports,Import and library pages,M6,implemented-locally-tested,frontend/src/routes/Import.svelte + frontend/src/routes/Library.svelte + frontend/src/lib/api.ts (imports client) + frontend/src/lib/router.ts + frontend/src/App.svelte (nav) + frontend/src/routes/Import.test.ts (5 tests) + frontend/src/routes/Library.test.ts (5 tests) + frontend/src/lib/router.test.ts,Both pages exist and the whole journey is reachable in a browser: a reader pastes a URL
M6-10,preservation,Approved preservation batches,M6,unsupported,--,"Approved preservation batches stay in Milestone 17, behind a documented permission basis, the operator role and a dry-run report (spec §14.5). M6 shipped the machinery they will use and nothing that could be mistaken for the authorisation: the destination field exists and accepts only the reader's own library"
M6-11,imports,Live verification of an adapter against its source,M6,implemented-locally-tested,crates/scrapers/tests/live_verification.rs (9 tests, run with --ignored and --test-threads=1) + crates/scrapers/tests/fixtures/{ao3
M7-01,exports,Exports (text HTML Markdown EPUB PDF AZW3 MOBI),M7,implemented-locally-tested,crates/domain/src/exports.rs + crates/domain/src/exports/epub.rs (94 domain tests, 19 of them exports) + crates/db/src/exports.rs + migrations/{sqlite
M7-02,offline,PWA offline reading,M7,implemented-locally-tested,frontend/static/manifest.webmanifest + frontend/static/service-worker.js + frontend/index.html (manifest link, theme colour) + frontend/src/main.ts (registration) + frontend/src/lib/offline.ts + frontend/src/lib/offline.test.ts (6 tests) + frontend/src/routes/Exports.svelte + frontend/src/routes/Exports.test.ts (5 tests) + frontend/src/App.svelte (the sign-out offer)
M7-03,exports,Device delivery (send to Kindle and device email),M7,unsupported,--,"Device delivery needs a mail transport this build has none of. Spec §13.4 calls the adapter optional, so what ships is the refusal rather than a promise; no milestone currently owns adding a transport, and this row should keep saying so until one does"
M8-01,library,Library shelves bookmarks and updates,M8,implemented-locally-tested,"migrations/{sqlite,postgres}/0009_library.sql + crates/domain/src/library.rs (18 domain tests) + crates/db/src/library.rs + crates/app/src/routes/library.rs + crates/app/src/library_updates.rs + crates/app/tests/milestone_8.rs (10 tests) + frontend/src/routes/Library.svelte + frontend/src/routes/Library.test.ts (9 tests); 821 workspace tests pass, 0 fail, 13 ignored; 47 library steps pass on live PostgreSQL 17.11","Shelves, private tags, bookmarks with notes, reading statuses, saved views with a versioned AST, batch removal that distinguishes a reference from a copy, physical storage accounting, and the update check as a job (JobKind::UpdateCheck). The migration parity test now compares columns and index columns per migration id, not only ids. Not exercised against a live PostgreSQL instance for these tables yet — the dialect rules were followed and the migration parity test covers shape. A saved view loads into the filter bar when clicked, and says so when the bar cannot hold every value the view carried. The live PostgreSQL run found four dialect defects in this milestone's own code, all invisible on SQLite, all fixed"
M8-02,reading,Whole-work mode paginated,M8,implemented-locally-tested,"frontend/src/routes/Reader.svelte (the toggle, the IntersectionObserver append, the failure path) + frontend/src/routes/Reader.test.ts","Reads on past the end of the named chapter by appending the next one when the reader approaches the end of what is loaded (600px root margin), so the browser never lays out a work nobody has read. The choice is remembered in this browser. A failed append says so and offers the same append again and the chapter's own page rather than dead-ending. `remember()` follows the chapter actually on screen, so leaving a work in whole-work mode resumes where the reader stopped instead of at its first chapter"
M6-12,imports,Source revision cache for conditional requests,M6,implemented-locally-tested,migrations/{sqlite,postgres}/0007_revision_cache.sql + crates/db/src/revisions.rs (RevisionKey
M6-13,imports,"Import result quality: accepted, rejected with a reason, or held",M6,implemented-locally-tested,crates/domain/src/imports.rs (ImportQuality enum + ImportedWork::classify_quality),"Spec §11.14. Pure function of fetched metadata: Accepted (real title+author+words), Rejected { reason } (empty/placeholder title or empty author), Held { reason } (zero word count). 7 unit tests."
M6-14,imports,An adapter is handed its transport and holds none,M6,implemented-locally-tested,"crates/scrapers/src/lib.rs (preview, fetch_chapters and fetch_chapter each take `fetch: &dyn Fetcher`; no adapter in crates/scrapers/src/sites/ names a client) + crates/scrapers/src/sites/mod.rs, ""The rule about requests"" + the fixture tests, which drive preview_from_html/chapters_from_html with no transport at all","Spec §11.1, written down 2026-09-11 from what the code already does. The enforcement is the type signature rather than a dedicated test: an adapter cannot construct a fetcher it is given, so §11.5's guards are unreachable by construction. Marked tested on the strength of the fixture suite, which exercises the seam the rule creates"
M6-15,imports,"Instance work body retention: cache or aggregate, per source, operator-set",M6,unsupported,--,"Spec §11.15, added 2026-09-11. The `cache` half is what M6 already built and is the default; the `aggregate` half is not built — no setting, no refusal path, no admin route. An aggregating instance stores metadata, attribution and a canonical link and never fetches a body, and refuses one from every path that could deliver it (import, upload, paste, preservation batch, federated announcement, cache fill). Default behaviour is unchanged, so nothing shipped contradicts it. Recorded in docs/plans/milestone-06-carried-forward.md §3"
M9-01,reading,Incoming reviews classified before storage per the author's preferences,M9,implemented-locally-tested,"crates/domain/src/positivity.rs (28 domain tests) + crates/db/src/positivity.rs (both dialects) + migrations/{sqlite,postgres}/0010_positivity.sql + crates/app/src/routes/feedback.rs + crates/app/tests/milestone_9.rs (7 tests) + frontend/src/routes/Account.svelte (feedback tab) + frontend/src/routes/WorkPage.svelte (review receipt) + frontend/src/lib/api.ts (feedback functions)",Reviews (not comments/forums — those are Milestone 12) pass through the positivity gate. Rules-only classifier; optional AI provider (§12.2 layer 2) and per-work keyword rules (§12.2 layer 3) not built. Classification runs in the same transaction as the review write.
M9-02,reading,Constructive critique reaches only opted-in authors,M9,implemented-locally-tested,"crates/domain/src/positivity.rs (effective, sender_receipt) + crates/db/src/positivity.rs (preferences_for, override_for, classify_review, record_classification) + crates/app/src/routes/feedback.rs (PUT /feedback/preferences, PUT /feedback/preferences/works/{id})",Constructive critique is held by default and delivered only when the author opts in. Preferences never reclassify retroactively.
M9-03,reading,Delivery through the positivity layer with receipts,M9,implemented-locally-tested,"crates/domain/src/positivity.rs (DeliveryOutcome, sender_receipt, resolve_delivery) + crates/db/src/positivity.rs (classify_review, record_classification, classification_for) + crates/app/src/routes/reading.rs (positivity gate on review write) + crates/app/tests/milestone_9.rs",Every delivery carries a sender-visible receipt. Negative reviews are hidden from the author and never surface publicly. Escalation (§12.4 rate limits) deferred to Milestone 14.
M9-04,reading,Authors can inspect a held-feedback queue showing category and presence,M9,implemented-locally-tested,crates/db/src/positivity.rs (held_count_for) + crates/app/src/routes/feedback.rs (GET /feedback/inbox),Authors see a held feedback count (not text) for their works. Full appeal flow (§12.5 moderator quorum) lands with Milestone 14.
M9-05,reading,Feedback-preferences panel shows effective policy line,M9,implemented-locally-tested,"crates/app/src/routes/feedback.rs (GET /feedback/preferences, GET /feedback/preferences/works/{id}) + frontend/src/routes/Account.svelte (effective policy display) + crates/app/tests/milestone_9.rs (work_policy_overrides_the_account_default)",The preferences panel shows the author their effective policy line combining account defaults with per-work overrides.
M10-01,discovery,Structured taxonomy with aliases and canonicalisation,M10,implemented-locally-tested,"crates/domain/src/taxonomy.rs (6 unit tests) + crates/db/src/taxonomy.rs (both dialects) + crates/app/src/routes/taxonomy.rs + migrations/{sqlite,postgres}/0011_taxonomy.sql","Taxonomy node kinds: fandom, ship, character, tag, warning, mood, canonicalisation, alias resolution, work tagging. Routes for nodes, aliases, tags, autocomplete."
M10-02,search,Advanced search with boolean/facet filters and query language,M10,implemented-locally-tested,crates/domain/src/query.rs (12 unit tests) + crates/domain/src/query_sql.rs (11 unit tests) + crates/db/src/search/ast_search.rs + crates/app/src/routes/search.rs + frontend/src/routes/Search.svelte + crates/app/tests/milestone_10.rs,"AST parser, SQL renderer, visibility filter, fielded search (fandom:, tag:, mood:, title:, author:, etc.), boolean operators, phrase search. Anonymous readers see only public works; signed-in readers see own drafts."
M10-03,reading,Search within the current work,M10,implemented-locally-tested,"crates/db/src/search.rs (search_in_work) + crates/app/src/routes/search.rs + frontend/src/lib/api.ts + migrations/{sqlite,postgres}/0011_taxonomy.sql (works_index_terms)",Positional term lookup returns paragraph anchors. API exposes /search/in-work/{id}.
M10-04,search,Query language with saved queries and visual filter builder,M10,implemented-locally-tested,crates/domain/src/query.rs + crates/domain/src/query_sql.rs + crates/db/src/search/ast_search.rs + crates/app/src/routes/search.rs,Parser and renderer wired into the search route. Saved queries reuse M8's saved-views mechanism (versioned JSON AST). No visual filter builder (deferred to M11 discovery UI).
M10-05,search,Fuzzy matching with a documented similarity floor,M10,implemented-locally-tested,taxonomy_autocomplete_fuzzy_matches_typo in crates/app/tests/milestone_10.rs; levenshtein/similarity/fuzzy_match in crates/domain/src/taxonomy.rs (6 unit tests); search_nodes_fuzzy in crates/db/src/taxonomy.rs,"Levenshtein distance + similarity ratio in domain; floor is 0.7; prefix match first, fuzzy fallback fills remaining slots up to limit"
M10-06,discovery,Mood search with curated mood taxonomy,M10,implemented-locally-tested,query parser recognizes Mood kind; SQL renderer generates EXISTS (SELECT ... FROM work_moods JOIN taxonomy_nodes) filter; work_moods and moods tables already in migrations; route /api/v1/search supported (q=mood:<value> through the query parser),
M11-01,discovery,Recommendations from multiple engines blended,M11,implemented-locally-tested,"crates/domain/src/discovery.rs (blend, 2 unit tests) + crates/db/src/discovery.rs (public_recommendations, personalized_recommendations) + crates/app/src/routes/discovery.rs (blend both engines, apply_affinity_ranking, apply_diversity) + crates/app/src/config.rs (DiscoveryConfig)","M11-01 is complete. The feed now calls `blend()` with two engines (tags + popular), then applies affinity ranking and diversity filtering."
M11-02,discovery,Private taste profile derived from reader behaviour,M11,implemented-locally-tested,crates/db/src/discovery.rs (recompute_taste_profile) + crates/app/src/routes/discovery.rs,Profile signals computed from history/ratings/notes/bookmarks. Owner-only access. Clearable without deleting history rows. The PostgreSQL recompute query named a nonexistent table (reading_history) and cast a TEXT column wrong for json_array_elements_text; both fixed in review.
M11-03,discovery,Operator taste influence as ranking multipliers,M11,implemented-locally-tested,"crates/db/src/discovery.rs (set_operator_affinity, list_operator_affinities) + crates/domain/src/discovery.rs (apply_affinity_ranking) + crates/app/src/routes/discovery.rs (POST /operator/affinities, feed ranking) + crates/app/tests/milestone_11.rs (2 tests)","Operator sets affinity_bp (-5000..10000) on a work; DB clamps, stores, audit-logs (operator.set_affinity). Discovery feed re-ranks silently via apply_affinity_ranking (multiplier = 1 + bp/10000). Reason field never modified; no affinity/score fields leak. Non-operator gets 404."
M11-04,discovery,Diversity mechanisms (exploration slots per-fandom caps),M11,implemented-locally-tested,crates/domain/src/discovery.rs (apply_diversity + 2 unit tests) + crates/app/src/routes/discovery.rs (diversity filtering in GET /discovery) + crates/app/src/config.rs (DiscoveryConfig + per_fandom_cap/exploration_rate fields),
M11-05,discovery,Recipes (shareable recommendation formulas),M11,implemented-locally-tested,"crates/db/src/discovery.rs (save_recipe, get_recipe, list_recipes, update_recipe, delete_recipe) + crates/app/src/routes/discovery.rs (recipe_routes with POST/GET/DELETE handlers) + crates/app/tests/milestone_11.rs (3 tests)",
M11-06,discovery,Dashboards (personal home assembly from widgets),M11,implemented-locally-tested,"crates/db/src/discovery.rs (get_dashboard_layout, save_dashboard_layout) + crates/app/src/routes/discovery.rs (dashboard_routes with GET/POST handlers) + crates/app/tests/milestone_11.rs (2 tests)",
M11-07,discovery,Theme mode configuration (generic/thematic/adaptive),M11,implemented-locally-tested,crates/app/src/config.rs (ThemeConfig) + crates/app/src/routes/discovery.rs,Spec §0.4.6.
M11-08,discovery,Dial lock (allow_user_opt_out + theme_dial_floor_bp),M11,implemented-locally-tested,crates/app/src/config.rs (ThemeConfig),Spec §0.4.6.
M11-09,discovery,"Influence sources (operator_topics, admin_taste, long_term_users)",M11,implemented-locally-tested,crates/app/src/config.rs (InfluenceSourceConfig) + crates/app/src/routes/meta.rs,"Spec §0.4.6, §16.15."
M11-10,discovery,Theme gravity applied in discovery ranking,M11,implemented-locally-tested,crates/domain/src/discovery.rs (apply_theme_gravity) + crates/app/src/routes/discovery.rs,Spec §0.4.6.
M11-11,discovery,Theme mode surfaced on /api/v1/meta,M11,implemented-locally-tested,crates/app/src/routes/meta.rs (ThemeSummary),Spec §0.4.6.
M11-12,discovery,Tag-based boost/suppress in theme gravity,M11,implemented-locally-tested,"crates/app/src/config.rs (boost_tags, suppress_tags, tag_gravity_bp) + crates/app/src/routes/discovery.rs + crates/db/src/taxonomy.rs (tag_names_for_work)",Spec §0.4.6.
M12-01,community,Comments on works and chapters through the positivity gate,M12,implemented-locally-tested,"crates/app/src/routes/community.rs + crates/db/src/positivity.rs (classify_comment) + migrations/{sqlite,postgres}/0015_comment_positivity.sql + crates/app/tests/milestone_12.rs","Positivity gate wired to comments: classify_comment runs before storage, sender gets a receipt (posted vs held), hostile comments are held. Compensating action deletes the comment row if classification fails."
M12-02,community,Forums categories topics replies,M12,implemented-locally-tested,"Forum categories, topics, replies with trust-level gate. Trust-for (Account) checked at topic creation and reply endpoints (403 if trust < min_trust). Locked topics reject replies (422). Tests: a_forum_topic_can_be_created_replied_to_and_locked, a_trust_gate_rejects_underleveled_posters.","Forum surfaces are browser-real since commits 674f7a2 + f02ac6a: router matches /community/forums/<id> and /community/topics/<id>, category and topic views (start topic, reply, lock honoured), author handles resolved server-side. Verified in the real browser against SQLite and PostgreSQL (docs/dogfood-2026-09-15.md)."
M12-03,community,Groups membership privacy roles,M12,implemented-locally-tested,,"Open/closed/hidden visibility matrix, member/role CRUD, driven through the router in milestone_12.rs (create, list, join, get). Topic locking implemented. Milestone 12 per plan §6.2."
M12-04,community,Messaging 1:1 conversations block-aware,M12,implemented-locally-tested,,"Conversations created, listed with message preview, and filtered for blocks. Messages sent/listed with block-aware filtering. No SSE/push yet. Milestone 12 per plan §6.2."
M12-05,community,Presence online indicators typing states,M12,implemented-locally-tested,crates/db/src/community.rs (list_presence) + crates/app/src/routes/community.rs (GET /presence/stream),Presence stream returns all active presence records from DB with active_now/typing/last_seen_at/enabled fields. Milestone 12 per plan §6.2.
M12-06,identity,Block and mute become real on every path,M12,implemented-locally-tested,,Block/mute CRUD + block-aware filtering on comments/messages/search/forum-replies. post_reply refuses blocked users; get_topic_replies filters blocked posts. Mention enforcement still TODO. Closes M2-06 debt partially. Milestone 12 per plan §6.2.
M13-01,events,Collections challenges and writing events,M13,implemented-locally-tested,,"Collections CRUD + items (open/closed policy), challenges + entries (word count), requests + claims (one active claim), wishlists (implicit create, privacy 404 for strangers), writing events + join (idempotent). Driven through milestone_13.rs (9 tests). Milestone 13 per plan §7."
M14-01,governance,Trust reports quorum and appeals,M14,implemented-locally-tested,,"Trust levels with TL_NEW baseline, steward-gated reports/tasks/sanctions/appeals. Reports submittable by anyone (anonymous attributed). Quorum via TL_STEWARD gate. Sanctions support optional expiry via time::OffsetDateTime. Appeal decision flips report state. Audit log append + my-audit-log read. Driven through milestone_14.rs (6 tests). Milestone 14 per plan §8."
M15-01,economy,Credits fair queues and billing,M15,implemented-locally-tested,,"Double-entry ledger with idempotency keys, balanced transactions, holds (reserve/release/capture), fair queues (priority class + monotonic positions), daily usage counters, bounties, subscriptions. Driven through milestone_15.rs (6 tests). Milestone 15 per plan §9."
M33-01,community,Thread modes: reading groups critique wiki prompts,M33,implemented-locally-tested,crates/app/src/routes/thread_modes.rs + crates/app/tests/milestone_33.rs + crates/domain/src/thread_modes.rs + crates/db/src/thread_modes.rs,"Mode column on forum_topics; create_topic_with_mode, set_topic_mode; schedule sections, wiki pins, critique queue"
M33-02,community,Reading group schedule with dated section unlocks,M33,implemented-locally-tested,"crates/app/tests/milestone_33_modes.rs (13 tests, green on SQLite and PostgreSQL) + crates/domain/src/thread_modes.rs; M33-02/03/04 previously cited no test at all","topic_schedule_sections table; position, chapter_start, chapter_end, unlocks_at"
M33-03,community,Critique circle queue with position assignment,M33,implemented-locally-tested,"crates/app/tests/milestone_33_modes.rs (13 tests, green on SQLite and PostgreSQL) + crates/domain/src/thread_modes.rs; M33-02/03/04 previously cited no test at all",critique_queue table; position assigned on join
M33-04,community,Wiki pin with approval queue,M33,implemented-locally-tested,"crates/app/tests/milestone_33_modes.rs (13 tests, green on SQLite and PostgreSQL) + crates/domain/src/thread_modes.rs; M33-02/03/04 previously cited no test at all",wiki_pins table; pending -> approved
M34-01,community,Spoiler scope on topics and reader progress tracking,M34,implemented-locally-tested,"crates/app/tests/milestone_34_spoilers.rs (18 tests, green on SQLite and PostgreSQL) + crates/domain/src/spoilers.rs; previously cited no test at all",spoiler_scope_chapter on forum_topics; reader_work_progress table
M34-02,community,Structured content warnings with per-user reveal prefs,M34,implemented-locally-tested,"crates/app/tests/milestone_34_spoilers.rs (18 tests, green on SQLite and PostgreSQL) + crates/domain/src/spoilers.rs; previously cited no test at all",content_warnings and reader_warning_prefs tables
M34-03,community,Post draft autosave with resume,M34,implemented-locally-tested,"crates/app/tests/milestone_34_spoilers.rs (18 tests, green on SQLite and PostgreSQL) + crates/domain/src/spoilers.rs; previously cited no test at all","post_drafts table unique on (account, topic_id)"
M34-04,community,Scheduled posts published by background job,M34,implemented-locally-tested,"crates/app/tests/milestone_34_spoilers.rs (18 tests, green on SQLite and PostgreSQL) + crates/domain/src/spoilers.rs; previously cited no test at all",scheduled_at and published columns on forum_posts
M35-01,community,Graduated response ladder and appeals,M35,implemented-locally-tested,crates/app/src/routes/moderation.rs + crates/domain/src/moderation.rs + crates/db/src/moderation.rs,forum_sanctions table; verbal_warning -> post_throttle -> read_only -> forum_ban -> site_ban
M35-02,community,Slow mode per topic,M35,implemented-locally-tested,crates/db/src/moderation.rs (set_slow_mode),slow_mode_seconds on forum_topics
M35-03,community,Federation scope per topic,M35,implemented-locally-tested,crates/db/src/moderation.rs (set_federation_scope),federation_scope on forum_topics
M35-04,community,Featured posts and best-of digest,M35,implemented-locally-tested,crates/db/src/moderation.rs (feature_post),featured column on forum_posts
M35-05,community,Thread fork audit trail,M35,implemented-locally-tested,"migrations/{sqlite,postgres}/0042_forum_m35.sql",original_topic_id preserved on forum_posts
M35-06,community,Activity sparklines and zero-result search tracking,M35,implemented-locally-tested,"crates/db/src/moderation.rs (record_topic_activity, record_search_miss)",forum_topic_activity and forum_search_misses tables
M39-01,directory,Ranked category-browsed directory of external resources,M39,implemented-locally-tested,crates/app/tests/milestone_39.rs,"Spec §39.1–39.2. Community-curated links (archives, Discord servers, author platforms, writing tools) ranked by user votes. Planned in docs/plans/junior-implementation-plan.md §15e."
M39-02,directory,Submission with operator review queue,M39,implemented-locally-tested,crates/app/tests/milestone_39.rs,"Spec §39.3. Signed-in submission, operator approval gate (configurable), pending invisible to strangers. Planned in §15e."
M39-03,directory,One-vote-per-account toggle voting with denormalised score,M39,implemented-locally-tested,crates/app/tests/milestone_39.rs,Spec §39.4. Vote in same transaction as score recompute; weightless by design. Planned in §15e.
M39-04,directory,URL validation refusing non-http(s) and private addresses,M39,implemented-locally-tested,crates/app/tests/milestone_39.rs,Spec §39.3. SSRF posture shared with webhook verifier. Planned in §15e.
M39-05,directory,Operator-configurable categories via TOML,M39,implemented-locally-tested,crates/app/tests/milestone_39.rs,"Spec §39.2, §38. Seed categories + [directory].extra_categories. Planned in §15e."
M40-01,works,Fork action: empty draft with lineage edge gated by statements/registry/depth,M40,implemented-locally-tested,crates/app/tests/milestone_40.rs + crates/domain/src/permission.rs (8 unit tests),Spec §40.1. One-click fork; copies tags not bodies; Remixes list on parent. Planned in §15f.
M40-02,works,Permission statements editable per work with effective-sentence UI,M40,implemented-locally-tested,crates/app/tests/milestone_40.rs + crates/domain/src/permission.rs (8 unit tests),"Spec §40.2, §33.1. Six statements (podfic/translation/remix/continuation/redistribution/ai_training), yes|ask|no|unstated, owner-only edits, audited. Planned in §15f."
M40-03,works,Statement enforcement at fork/translation/narration doors,M40,implemented-locally-tested,crates/app/tests/milestone_40.rs + crates/domain/src/permission.rs (8 unit tests),Spec §40.2. Each refusal names the statement. Planned in §15f.
M41-01,discovery,Half-life job writing half_life_bp as silent ranking multiplier,M41,implemented-locally-tested,crates/app/tests/milestone_41.rs + crates/domain/src/longevity.rs (9 unit tests),Spec §41.1. Nightly job on reading_events; basis points; silent-reordering contract §16.3. Planned in §15g.
M41-02,community,Warmth accumulation hooks with config-driven tier thresholds,M41,implemented-locally-tested,crates/app/tests/milestone_41.rs + crates/domain/src/longevity.rs (9 unit tests),Spec §41.2. Reading/reacting/commenting accumulate warmth_bp between account pairs. Planned in §15g.
M41-03,community,Author-facing aggregate tier panel with no per-reader exposure,M41,implemented-locally-tested,crates/app/tests/milestone_41.rs + crates/domain/src/longevity.rs (9 unit tests),Spec §41.2–41.3. Aggregate counts only; no reader-facing surface anywhere. Planned in §15g.
M42-01,exports,CTA placement config per_chapter/per_work/off with default per_chapter,M42,implemented-locally-tested,crates/db/src/exports.rs,Spec §42.1. TOML [exports] cta_placement; sanitized cta_html.
M42-02,exports,EPUB builder appends CTA per placement and reports cta_chapters in validate,M42,implemented-locally-tested,crates/db/src/exports.rs,"Spec §42.1, §42.3. EpubInput.cta; EpubFacts.cta_chapters."
M42-03,exports,cta_marks table with mark/retract and quorum-based exemption,M42,implemented-locally-tested,crates/db/src/exports.rs,Spec §42.2. Migration 0048; both dialects.
M42-04,exports,TL3+ curator routes to mark works has_own_cta,M42,implemented-locally-tested,crates/db/src/exports.rs,Spec §42.2. POST/GET /works/{id}/cta-mark.
M42-05,exports,Export job suppresses CTA for exempt works,M42,implemented-locally-tested,crates/db/src/exports.rs,"Spec §42.2. Evaluated at export time, never cached."
M42-06,exports,Milestone 42 integration tests,M42,implemented-locally-tested,crates/app/tests/milestone_42.rs,"Spec §42.4. milestone_42.rs: modes, quorum, retraction, TL2 refused, sanitize."
M43-01,browse,Shared sort vocabulary with for-you default on every browse surface,M43,implemented-verified-e2e,"frontend/src/lib/components/SortControl.svelte + Discover.svelte; e2e/coverage.spec.ts :: ""browse sort: a reader changes the order and it sticks"" (83/83 at 8bc66d7). Corrected: the evidence previously cited crates/domain/src/browse.rs (7 unit tests) + crates/app/src/routes/browse.rs (resolve_sort, /browse/sort/{surface}) — crates/app/tests/milestone_43.rs (11 tests, green on SQLite and PostgreSQL); the previous citation was phantom evidence, which does not exist.",Spec §43.2. sort= for-you|new|updated|top|trending|best-match|az.
M43-02,browse,For-you ordering is a permutation never a filter,M43,implemented-locally-tested,"crates/domain/src/browse.rs (7 unit tests) + crates/app/src/routes/browse.rs (resolve_sort, /browse/sort/{surface}) — crates/app/tests/milestone_43.rs (11 tests, green on SQLite and PostgreSQL); the previous citation was phantom evidence",Spec §43.3. Identical reachable sets across sorts; pagination reaches every eligible item.
M43-03,browse,Per-pseud sticky sort preference with an anonymous neutral default,M43,implemented-verified-e2e,"e2e/coverage.spec.ts :: ""browse sort: a reader changes the order and it sticks"" asserts the stored order returns on a fresh visit; SortControl.test.ts covers not storing for an anonymous reader (83/83 at 8bc66d7). Corrected: the evidence previously cited crates/domain/src/browse.rs (7 unit tests) + crates/app/src/routes/browse.rs (resolve_sort, /browse/sort/{surface}) — crates/app/tests/milestone_43.rs (11 tests, green on SQLite and PostgreSQL); the previous citation was phantom evidence, which does not exist.",Spec §43.4. Neutral on undeclared/private-topic instances.
M43-04,browse,Per-surface diversity budget and exposure measurement,M43,implemented-locally-tested,"crates/domain/src/browse.rs (7 unit tests) + crates/app/src/routes/browse.rs (resolve_sort, /browse/sort/{surface}) — crates/app/tests/milestone_43.rs (11 tests, green on SQLite and PostgreSQL); the previous citation was phantom evidence","Spec §43.5, §43.7. Extends §16.4/§16.13."
M43-05,browse,Exact and literal queries exempt from taste steering,M43,implemented-locally-tested,"crates/domain/src/browse.rs (7 unit tests) + crates/app/src/routes/browse.rs (resolve_sort, /browse/sort/{surface}) — crates/app/tests/milestone_43.rs (11 tests, green on SQLite and PostgreSQL); the previous citation was phantom evidence","Spec §43.2, §15.10. Carried forward unchanged."
M43-06,discovery,Multiple taste sources with a 5-member k-anonymity floor,M43,implemented-locally-tested,"crates/domain/src/browse.rs (7 unit tests) + crates/app/src/routes/browse.rs (resolve_sort, /browse/sort/{surface}) — crates/app/tests/milestone_43.rs (11 tests, green on SQLite and PostgreSQL); the previous citation was phantom evidence",Spec §16.15. admin|cohort|roles|combined; startup refuses a small cohort.
M43-07,discovery,Reason fields degrade to one undifferentiated line below public topics,M43,implemented-locally-tested,"crates/domain/src/browse.rs (7 unit tests) + crates/app/src/routes/browse.rs (resolve_sort, /browse/sort/{surface}) — crates/app/tests/milestone_43.rs (11 tests, green on SQLite and PostgreSQL); the previous citation was phantom evidence","Spec §16.16, §0.4.3. Stops the ordering channel leaking the theme."
M43-08,discovery,Contribution term computed only from the permitted metric list,M43,implemented-locally-tested,"crates/domain/src/browse.rs (7 unit tests) + crates/app/src/routes/browse.rs (resolve_sort, /browse/sort/{surface}) — crates/app/tests/milestone_43.rs (11 tests, green on SQLite and PostgreSQL); the previous citation was phantom evidence","Spec §16.16.1. Quality composite (§9.7.4), half-life (§41.1), delivered positive feedback, new-to-instance supply, curatorial labour; never volume, tenure or spend."
M43-09,discovery,Alignment modulates weight and never adds recognition,M43,implemented-locally-tested,"crates/domain/src/browse.rs (7 unit tests) + crates/app/src/routes/browse.rs (resolve_sort, /browse/sort/{surface}) — crates/app/tests/milestone_43.rs (11 tests, green on SQLite and PostgreSQL); the previous citation was phantom evidence",Spec §16.16. Leaderboards and badges earned from quality signals alone.
M43-10,discovery,Demand weight as trust x taste x contribution with a config switch,M43,implemented-locally-tested,"crates/domain/src/browse.rs (7 unit tests) + crates/app/src/routes/browse.rs (resolve_sort, /browse/sort/{surface}) — crates/app/tests/milestone_43.rs (11 tests, green on SQLite and PostgreSQL); the previous citation was phantom evidence",Spec §16.16. Reuses domain::vote_weight (M39); [weighting].mode flat|trust|trust_taste|trust_taste_contribution.
M43-11,discovery,No weight exposure on any surface export or error message,M43,implemented-locally-tested,"crates/domain/src/browse.rs (7 unit tests) + crates/app/src/routes/browse.rs (resolve_sort, /browse/sort/{surface}) — crates/app/tests/milestone_43.rs (11 tests, green on SQLite and PostgreSQL); the previous citation was phantom evidence","Spec §16.16.2, §39.6. Test asserts absence, the way §41.3 does."
M43-12,discovery,Bounded taste floor and ceiling published on meta,M43,implemented-locally-tested,"crates/domain/src/browse.rs (7 unit tests) + crates/app/src/routes/browse.rs (resolve_sort, /browse/sort/{surface}) — crates/app/tests/milestone_43.rs (11 tests, green on SQLite and PostgreSQL); the previous citation was phantom evidence",Spec §16.16.3. floor x ceiling below or equal 1 enforced at startup; both published on /api/v1/meta.
M43-13,discovery,Majority-integrity guard routes weighted/unweighted disagreement to quorum,M43,implemented-locally-tested,"crates/domain/src/browse.rs (7 unit tests) + crates/app/src/routes/browse.rs (resolve_sort, /browse/sort/{surface}) — crates/app/tests/milestone_43.rs (11 tests, green on SQLite and PostgreSQL); the previous citation was phantom evidence","Spec §16.16.3, §19.4. A weighted bloc cannot reverse a plain majority. Also applies to §39.4."
M43-14,discovery,Demand diversity budget with a non-zero default,M43,implemented-locally-tested,"crates/domain/src/browse.rs (7 unit tests) + crates/app/src/routes/browse.rs (resolve_sort, /browse/sort/{surface}) — crates/app/tests/milestone_43.rs (11 tests, green on SQLite and PostgreSQL); the previous citation was phantom evidence",Spec §16.16.3. Fraction of surfaced demand carrying no boost from any term.
M43-15,gamification,Leaderboard categories reject volume metrics and all-time boards,M43,implemented-locally-tested,"crates/domain/src/browse.rs (7 unit tests) + crates/app/src/routes/browse.rs (resolve_sort, /browse/sort/{surface}) — crates/app/tests/milestone_43.rs (11 tests, green on SQLite and PostgreSQL); the previous citation was phantom evidence","Spec §9.7.5, §28.10. No words written, posts, hours online; placements expire with the window."
M43-16,gamification,No lifetime ladder exists and recognition never gates or governs,M43,implemented-locally-tested,"crates/domain/src/browse.rs (7 unit tests) + crates/app/src/routes/browse.rs (resolve_sort, /browse/sort/{surface}) — crates/app/tests/milestone_43.rs (11 tests, green on SQLite and PostgreSQL); the previous citation was phantom evidence","Spec §1.5, §9.7.1, §0.3, §19.1. Asserted by test across every route and surface."
M43-00,plan,Browse-and-demand-weight implementation plan,M43,implemented-locally-tested,"crates/domain/src/browse.rs (7 unit tests) + crates/app/src/routes/browse.rs (resolve_sort, /browse/sort/{surface}) — crates/app/tests/milestone_43.rs (11 tests, green on SQLite and PostgreSQL); the previous citation was phantom evidence",docs/plans/browse-and-demand-weight.md. Tables → migration → domain → routes → milestone tests.
M15-02,economy,Pool A/Pool B split with per-flow contributions and 90-day notice,M15,implemented-locally-tested,crates/app/src/routes/monetization.rs,"Spec §20.10.1–20.10.2, §20.10.6. Published on /api/v1/meta."
M15-03,economy,Graduated cap on trailing active-earner median with overflow to Pool B,M15,implemented-locally-tested,crates/app/src/routes/monetization.rs,Spec §20.10.3. Default multiplier 10; bands 5x/10x; median over 3 months.
M15-04,economy,Quality-weighted Pool B distribution never by volume,M15,implemented-locally-tested,crates/app/src/routes/monetization.rs,Spec §20.10.4. Composite of §9.7.4/§9.8 signals; weights published; AI multipliers apply.
M15-05,economy,Pool B eligibility floor with visible exclusion reason,M15,implemented-locally-tested,crates/app/src/routes/monetization.rs,Spec §20.10.5. Distinct readers/age 30d/TL1/no sanction/no unresolved AI flag.
M15-06,economy,AI content declaration per work with Pool B multipliers,M15,implemented-locally-tested,crates/app/tests/milestone_15.rs,Spec §20.9.4. none/assisted/co-written/generated = 1.0/1.0/0.3/0; false declaration sanctionable.
M15-07,economy,Processor fees recorded and deducted before pool math,M15,implemented-locally-tested,crates/app/tests/milestone_15.rs,Spec §20.9.5. payment_events.processor_fee_minor; trailing fee range on /api/v1/meta.
M15-08,economy,Subscription revenue attributed by reading time,M15,implemented-locally-tested,crates/app/src/routes/monetization.rs,Spec §20.6.1. Time-on-page weighted; §9.7.8 anti-gaming inherited; never word count.
M15-09,economy,Monetization transparency dashboard on /api/v1/meta,M15,implemented-locally-tested,crates/app/tests/milestone_15.rs,Spec §20.10.7. Pools/cap/median/histogram/weights/fee range; never individual earnings.
M0-12,platform,Processor-agnostic billing adapter replacing the Stripe reference,M0,implemented-locally-tested,crates/app/src/routes/monetization.rs,"Spec §2.1, §2.2. Operator owns processor and content-policy compatibility."
M45-10,discovery,Scout value replaces overlap-based resonance in curation credit,M45,implemented-locally-tested,"crates/db/src/ranking.rs::scout_value + 3 unit tests (clamped at both ends, NaN filtered to 0.0, zero for an already-popular work). Verified red by removing the NaN filter.","Gaps review A1. PARTIAL: the credit formula ships and is tested; nothing reads it yet. Deliberately NOT a ranking input (spec 47.7) -- wiring it in closes a loop where being scouted raises reach, which raises the score that pays the scout. Needs a credit-ledger consumer to be fully tested."
M45-11,platform,Incentivized interactions tagged at write time and discounted in ranking,M45,implemented-locally-tested,"crates/db/src/ranking.rs: InteractionKind::for_source (4 incentivized sources by definition, default Earned) + record_interaction updating work_view_log/work_kudos. Migration 0098 adds kind/source columns. 2 unit tests. PG constraint probe: kind='bogus' rejected, 'incentivized' accepted.","Gaps review A2. PARTIAL: the distinction and its persistence ship; no ranking query reads it yet, so 'discounted in ranking' is not yet demonstrated. The default direction is deliberate and asserted: an unlisted source is Earned, so a new incentive is a visible edit rather than a silent inflation of ranking signals."
M45-12,governance,Generated-content posture as instance policy: forbid|disclose|allow,M45,planned,--,Gaps review A3. Author credits vest on completion by distinct trusted readers; authorship attestation for bounties; never sanction on detector output alone.
M45-13,discovery,Uniform-random exploration slots with per-slot selection-probability logging,M45,implemented-locally-tested,"Migration 0098 adds slot_kind + propensity to recommendation_slots; crates/db/src/ranking.rs log_impression + SlotKind + 1 unit test. propensity is NULLABLE by design (pre-migration rows have no recoverable propensity). PG probe: 0 and 1.5 rejected, NULL accepted. Integration: the_database_refuses_a_zero_propensity_and_accepts_one asserts 0 and 1.5 are refused *by the check constraint* (not by any other error) and 1.0 is accepted.","Gaps review A4. PARTIAL: the column and the writer ship, but exploration SLOTS themselves are spec 47.3's selection policy and are not implemented -- that is step 4 of docs/plans/m45-ranking-substrate.md, with rank_works. Retrofit-critical is respected: the column exists before any row is served."
M45-14,discovery,Work coordinates: deterministic stylometry + end-of-work micro-surveys,M45,planned,--,"Gaps review A5. Sentence-length variance, dialogue ratio, vocabulary richness, chapter length. Optional local embeddings only with M27 ML permission."
M45-15,discovery,Exposure floor: every new work gets guaranteed minimum impressions,M45,implemented-locally-tested,"crates/db/src/ranking.rs: RankOptions::exposure_floor, the floor stage in rank_works, SlotKind::ExposureFloor. Floor impressions carry a propensity of 1/|candidate set| and are returned separately from the ranked rows.","Gaps review A6. PARTIAL: the mechanism and its slot kind ship. NOT yet done: the floor does not actually QUERY for zero-impression works -- it operates on whatever candidates the caller passes, and treats works absent from `ordered` as floor candidates. Identifying genuinely zero-impression works needs the impressions query, which is step 7. The spec 47.5 properties (never past the trust bar, never past a content filter) hold by construction because the candidate set was already filtered by the caller."
M45-16,taxonomy,Only confirmed tags count toward gravity; per-work tag contribution cap,M45,planned,--,Gaps review A7. Reader/wrangler-confirmed only; inaccurate tags flag into M29 wrangling queue.
M45-17,discovery,Operator taste leakage view on /admin/discovery,M45,planned,--,Gaps review A9. Shows what an observant user could infer from public artifacts; payouts attributed to instance and batched; resonance label updates weekly in coarse buckets only.
M45-18,economy,Faucet/sink dashboard; credits stay closed-loop and never cashable,M45,planned,--,Gaps review A11. Faucets pay for signal or supply; sinks convert credits into supply.
M45-19,discovery,Tasting menu: active-learning calibration queue with 300-word passages,M45,planned,--,Gaps review B1. Reason-tagged quick ratings picked by uncertainty.
M45-20,imports,History import as cold start: AO3/FFN/Goodreads bookmarks and kudos,M45,planned,--,Gaps review B2. Offered to every user; beats quiz.
M45-21,reading,"Structured DNF reasons: one-tap abandonment cause, private by default",M45,implemented-fully-tested,crates/app/tests/m45_21_dnf.rs (3 router-level tests) - passes on SQLite and PostgreSQL,Implemented and tested; the row was stale at 'planned'. Covers the DNF DB layer and that an unauthenticated request is refused with 401. The M45-22 concierge queue that the plan groups it with is still open.
M45-22,reading,Personal concierge queue with session selector,M45,planned,--,Gaps review B4. Comfort read/wreck me/20 minutes; WIP completion alerts.
M45-23,discovery,North-star metric with per-mechanism attribution,M45,planned,--,Gaps review B5. Works rated per month + time-to-find; attribute each loved work to the surfacing mechanism.
M45-24,feedback,Reason-tagged kudos and line-level highlights,M45,planned,--,Gaps review B6. Optional kudos reason; highlight-to-react on a sentence.
M45-25,community,"Keystone author program: drought detection, feedback routing, beta matching",M45,planned,--,Gaps review C1. Opt-in credit patronage; never touches ranking.
M45-26,community,Feedback-drought intervention: welcome rota guarantees first-work comment in 72h,M45,planned,--,Gaps review C2. Route readers to strong-completion/few-comment works; small comment bonus.
M45-27,community,"Exchanges, prompt memes, big bangs with matching engine",M45,planned,--,"Gaps review C3. Yuletide-style gift exchanges; anonymous prompt/fill boards; social, not transactional."
M45-28,writing,WIP adoption and closure notes with lineage,M45,planned,--,Gaps review C4. Mark abandoned WIPs up-for-adoption; publish planned endings; credit closure notes.
M45-29,writing,"Finisher signals: update cadence and completion history, positive framing only",M45,planned,--,Gaps review C5. Finisher badge; optional completion pledges via escrow; off by default.
M45-30,translation,"Cross-language supply: taste-score foreign works, fund translation bounties",M45,planned,--,Gaps review C6. Tags map across languages; stylometry partially transfers; author permission required.
M45-31,discovery,Fandom-blind discovery: canon-agnostic works surfaced for unknown fandoms,M45,planned,--,Gaps review C7.
M45-32,discovery,Trend radar: emerging-fandom detection for event and bounty timing,M45,planned,--,Gaps review C8.
M45-33,community,"Beta and specialist matchmaking: betas, Britpickers, sensitivity readers",M45,planned,--,"Gaps review C9. Credit-rewarded, opt-in, critique only where requested."
M45-34,community,Fic Finder bounties: pay for identifying half-remembered works,M45,planned,--,Gaps review C10. Full-text search + optional semantic search + reverse media search.
M45-35,search,Rec blurbs as second summaries in results,M45,planned,--,Gaps review C11. Best rec note + short excerpt beside author summary.
M45-36,media,"MediaReference descriptions as link-rot last fallback, curator-bountied",M45,planned,--,Gaps review D1.
M45-37,media,"Stable identifiers for media: MusicBrainz/ISRC, tracklists, Wikidata, ISBN/TMDB",M45,planned,--,Gaps review D2. Identity over location.
M45-38,media,Author-note links through snapshot-and-monitor pipeline,M45,planned,--,Gaps review D3.
M45-39,preservation,"Instance-death protection: mutual backup, dead-man's-switch export, redirect registry",M45,planned,--,Gaps review D4. Persistent work IDs; ActivityPub Move for accounts.
M45-40,community,Curator lenses: invited rec-bloggers publish opt-in taste-profile views,M45,planned,--,Gaps review E2. Browse archive through X's eyes; operator's own lens stays invisible.
M45-41,growth,"Rec-post attribution: share links carry sharer code, both sides earn credits",M45,planned,--,Gaps review E3.
M45-42,growth,Claim your works: invite authors whose works exist as metadata,M45,planned,--,Gaps review E4. AO3-profile code verification; exclusion registry for opt-outs.
M45-43,growth,"Discord bot with rec commands, per-fandom feeds, account linking",M45,planned,--,Gaps review E5. Extends §37 companion bot.
M45-44,federation,Sister instances: subscribe to public picks over ActivityPub,M45,planned,--,Gaps review E6. Directory searchable by public topics (§0.4).
M45-45,admin,Taste as versioned blendable object with governance mode,M45,planned,--,Gaps review F1. Operator/council/community-vote lens ownership; succession plan.
M45-46,admin,Preview before apply: view-as persona preview of discover/search under proposed config,M45,planned,--,Gaps review F2. Config history and rollback.
M45-47,admin,"Scale-aware activation: mechanisms declare minimum activity, dormant below it",M45,planned,--,"Gaps review F3. Small instances get simpler behavior, features unlock as they grow."
M45-48,admin,Hardware-aware presets with graceful degradation tiers,M45,planned,--,Gaps review F4. SQLite weekly batches/no embeddings → Postgres+Redis incremental.
M45-49,discovery,Variety within the aligned set: MMR re-ranking and satiation modeling,M45,implemented-locally-tested,"crates/db/src/ranking.rs: mmr_rerank + novelty + normalised_relevance + NOVELTY_FLOOR. 6 tests including spec 47.6's worked example (three_angst_fics_in_a_row_nudge_the_fourth_toward_fluff), mmr_re_ranks_but_never_filters, lambda=1.0 == input order, a_reader_who_asks_only_for_angst_still_gets_angst, NaN-survival, determinism across 6 calls. Integration: crates/app/tests/m45_ranking.rs (10 tests, green on both engines).","Gaps review F5. PARTIAL: MMR and the nudge ship and are tested; SATIATION MODELING as a time-decaying per-reader state is NOT implemented -- novelty here is within-call plus an already_picked seed, with no decay over time. A reader returning after a week is not yet un-saturated. That needs a per-reader running store and is the remaining half of this row."
M45-50,admin,Scheduled gravity: time-boxed theme configs for events and seasons,M45,planned,--,Gaps review F6.
M45-51,governance,"GDPR compliance: resonance score disclosed on access requests, erasure cascades",M45,planned,--,Gaps review G1. Profiling purpose in privacy notice; private-library copy survival policy.
M45-52,governance,DSA notice-and-action flow and statements of reasons,M45,planned,--,Gaps review G2. Art. 17 covers demotion — collides with shadow sanction tier; DMCA intake kept for US claimants.
M45-53,imports,"Import visibility default: public sees metadata and link, cached body private until author claims",M45,planned,--,Gaps review G3. Biggest reputational and copyright risk; verify with counsel.
M45-54,governance,RPF instance policy knob; Spain honor/image rights awareness,M45,planned,--,Gaps review G5. LO 1/1982.
M45-55,governance,"Built-in compliance tooling: notice forms, SOR templates, DSAR export",M45,planned,--,Gaps review G6. Operators are legally responsible for their own instance.
M45-01,governance,"Roadmap board: cards grouped by stage, Elo-ordered, anonymously readable",M45,implemented-locally-tested,--,"Spec §44.1, §44.5. Ported from fichub-consensus."
M45-02,governance,"MaxDiff arena: 4-card ballot, best+worst, virtual 1v1 Elo matches K=32",M45,implemented-locally-tested,crates/app/tests/arena.rs,Spec §44.3. Merged into M45-56 Taste Calibration Arena implementation.
M45-03,governance,Voting and suggesting gated at TL>=1 via trust ladder,M45,implemented-locally-tested,--,Spec §44.4. governance::trust_for; no separate voter table.
M45-04,governance,Stage moves operator-only with public changelog and reasons,M45,implemented-locally-tested,--,"Spec §44.2, §44.5. Elo is the community's, stage is the operator's."
M45-05,governance,Seed script maps requirements.csv rows to cards idempotently,M45,implemented-locally-tested,--,Spec §44.6. scripts/seed_roadmap.py; never downgrades shipped.
M45-06,governance,One vote per ballot per account; second vote is a named error,M45,implemented-locally-tested,--,Spec §44.7.
M45-07,governance,Suggestion dedup by normalized title attaches to existing card,M45,implemented-locally-tested,--,Spec §44.1.
M46-01,works,"Work card aggregate metrics: views, complete reads, reactions, kudos, bookmarks, collection adds, review count",M46,implemented-locally-tested,crates/db/src/work_metrics.rs + crates/app/tests/work_metrics.rs,"Spec §9.5, §9.4, §10. Counts, not averages. One view per viewer per hour. One kudos per account."
M46-02,works,Public metric bar gated by work.show_public_ratings,M46,implemented-locally-tested,crates/app/src/routes/works.rs + crates/app/tests/work_metrics.rs,Spec §9.5. Metrics null when owner opts out.
M46-03,works,One kudos per signed-in account with idempotent toggle,M46,implemented-locally-tested,crates/db/src/work_metrics.rs + crates/app/src/routes/works.rs,Spec §9.4. Server owns count; toggle endpoint returns new state.
M45-56,discovery,"Taste Calibration Arena: 4-card forced-tradeoff, best+worst, Plackett-Luce dimensional weights",M45,implemented-locally-tested,"crates/app/src/routes/arena.rs + crates/app/tests/arena.rs + frontend/src/routes/Arena.svelte + migrations/{sqlite,postgres}/0066_taste_arena.sql","Spec §0.4.2a. Arena reveals dimensional weights (prose/pacing/characters) that absolute swipes conflate. 300-word excerpts. Optional reason tags. Monthly drift mini-rounds. 3 app integration tests, 8 frontend tests, migration 0066 both dialects."
M47-01,settings,Resolution hierarchy context>pseud>account>instance with per-key _source provenance,M47,implemented-fully-tested,domain + db + api layers complete,Spec §46.2-46.3. Plan §15m.
M47-02,settings,"Per-domain settings tables: search_settings, content_filters, notification_routes",M47,implemented-fully-tested,--,Spec §46.3. No JSONB mega-table; migration 0002 pattern.
M47-03,settings,Settings API family GET/PATCH/DELETE per namespace with unknown-key rejection,M47,implemented-fully-tested,crates/app/src/routes/settings.rs,Spec §46.3.
M47-04,settings,"Server-side content-filter enforcement on search, feeds, recommendations, notifications",M47,implemented-locally-tested,search route + db filter layer + integration test,Spec §46.4. Blocked tag never reaches the client.
M47-05,settings,"Search defaults pre-populating every search surface, bidirectional with §15.4 query language",M47,implemented-fully-tested,--,Spec §46.4. Presets are §14.2 saved searches.
M47-06,settings,Per-event notification channel routing extending §17.5,M47,implemented-fully-tested,--,Spec §46.4.
M47-07,settings,"/settings surface: domain-grouped IA, provenance labels, reset per level, palette-indexed search",M47,implemented-fully-tested,--,Spec §46.5. Client-side search from schema definitions.
M47-08,settings,Settings export/import with compatibility report,M47,implemented-fully-tested,stub framework in routes/settings.rs,Spec §46.6. Generalizes §6 appearance bundle.
M47-09,settings,Settings writes audited to the governance audit log,M47,implemented-fully-tested,--,Spec §46.3.
M52-01,discovery,RecStrategy trait + registry with per-strategy enable and config,M52,implemented-fully-tested,--,Spec §16.1a (ADR 0024). Port of FicNexus rec-platform design.
M52-02,discovery,"RRF blend k=60 over enabled strategies; failing/empty strategy skipped, fallback ends in popularity",M52,implemented-fully-tested,--,Spec §16.1a.
M52-03,discovery,"rec.mode = legacy | pluggable config, default legacy",M52,implemented-fully-tested,--,Spec §16.1a.
M52-04,discovery,Golden legacy-parity test: registry path reproduces discovery::blend exactly on frozen fixtures,M52,implemented-fully-tested,--,Spec §16.1a. Freezes neutral behavior before strategies land.
M52-05,discovery,"Strategies: cooccur, time-decay, tag graph, author graph, sequential, completion, curator prior, bandit, external",M52,implemented-fully-tested,--,Embeddings/MF gated on AI provider presence.
M52-06,discovery,Recipes compose over strategies within operator resource ceilings,M52,implemented-fully-tested,--,Spec §16.3 over §16.1a.
M52-07,discovery,"Taste gravity, diversity budget, ordering contract apply after the blend in both modes",M52,implemented-fully-tested,--,Influence layers never move inside a strategy.
M52-08,discovery,Shadow-mode evaluation before any mode switch,M52,implemented-fully-tested,crates/app/tests/m52_08_rec_shadow.rs (16 tests),"Spec §16.1a. `discovery.rec_mode` gains a third value `shadow`: serves the legacy ranking and additionally runs the pluggable registry, recording agreement, per-strategy contribution, and displaced/promoted works. Operator report at GET /api/v1/operator/rec/shadow. Pinned end-to-end: shadow mode serves a byte-identical reader feed."
M53-01,imports,Port batch 1 adapters from fanfic-scrapers onto safe-fetcher SiteAdapter trait: parse logic only,M53,implemented-fully-tested,--,Spec §11.16 (ADR 0024). FFF_PARITY.md is the checklist.
M53-02,imports,"Each ported adapter ships frozen HTML fixtures (metadata, chapter list, body, malformed) before counted supported",M53,implemented-fully-tested,--,Spec §11.16.
M53-03,imports,Login/adult-gated adapters port only behind credential vault and age gate,M53,implemented-fully-tested,"crates/app/tests/m53_source_credentials.rs (18 tests: origin binding, consent refusal, the audit trail's five constraints, re-consent on renewal, the consent sweep); both engines; 3 injections each caught by its intended test","Spec §11.6, §11.16. The plan's Step 1 was wrong and is corrected: source_credentials already exists from migration 0006, so 0096's CREATE TABLE IF NOT EXISTS was a no-op that applied cleanly and added no column. 0096 now ALTERs. Also NOT built: the age gate -- no age-gate machinery exists in this repo (grep: 0 hits), and the plan's rule 'only behind the vault AND the age gate' is therefore vacuously held: every shipped adapter declares AuthKind::None, so no adapter is gated and nothing reads a secret on the import path."
M53-04,imports,Unreachable sources record verification_status=blocked-here and are excluded from support counts,M53,implemented-fully-tested,"crates/app/tests/blocked_here_health.rs (8 tests: health survives a sweep with FAILURES_TO_UNAVAILABLE failed imports behind it, plus a control case proving the same failures DO flip a reachable source); crates/scrapers/tests/support_counts.rs (6 tests: supported counts only Verified adapters, the excluded set and its reason are reported, blocked-here stays enabled and catalogued); both engines; the skip's removal was shown to fail with health=unavailable","Spec §11.7, §11.8. sources.verification_status is NULL by default (migration 0097) and blocked-here is excluded from recompute_source_health, which now delegates to recompute_source_health_with_skips so the skip has one implementation. VerificationStatus defaults to Verified -- all twelve shipped adapters declare it and their fixtures came from the real sites. NOT DONE, deliberately: no adapter is declared blocked-here. The plan's decision 5 says promote only once a source is OBSERVED unreachable, and nothing here has attempted a live fetch to find out -- so the mechanism is built and tested and the flag is unset. Cookie ingestion is documented as the workaround."
M54-01,integrations,"Port fanfic-archivist-bot platform-neutral core against /api/v1: Discord, Telegram, Matrix",M54,implemented-verified-e2e,"~/code-local/rust/lorebot, all six crates. 252 unit tests + 9 e2e against a REAL Lorehaven (277-table Postgres instance on 127.0.0.1:3111 with a minted reader token), 0 failing. Exit condition checked in parts: (1) all three adapters call the SAME conformance::run — proven load-bearing by injecting one failing case, which turned discord 25/1, telegram 20/1 and matrix 23/1 red, and restoring the file returned all three green; (2) no crate has sqlx/postgres/lorehaven-db in its Cargo.toml. RUNNING IT FOUND A REAL BUG: eight of the nine e2e tests had never executed (each returns early without LOREBOT_E2E_URL and still reports as passed), and with them live one failed — ScopeSet::parse split on whitespace while Lorehaven's /me/credential joins scopes with ', ', so every scope fell into `unknown` and allows() was false for all of them, while describe() still printed them. 252 tests could not see it because to_wire joins with a space, making parse/to_wire self-consistent. Fixed in crates/lorebot-api/src/model.rs (split on comma AND whitespace) with 3 new tests in tests/scope_parse.rs.","Spec §23.2 (amended, ADR 0024). Bot never touches the DB."
M54-02,integrations,"Bot link flow: short-lived challenge, Lorehaven-side pseud+scope confirmation, revocable tokens",M54,implemented-verified-e2e,"crates/app/tests/m54_bot_link.rs (17 tests: challenge, confirm, exchange, expiry, revoke, ownership); crates/app/tests/m54_bot_actions.rs (12 tests, both engines: every §23.2 action reachable by a token, wrong scope refused and named, no acting pseud refused, no cross-account access); crates/app/tests/route_inventory.rs (Audience::Scoped)","Lorehaven side only; the bot half is M54-01, a separate repo. Defects D1-D8 found and fixed in the process: token revoke was unowned, expires_at/last_used_at never written, resolve_token ignored expiry, MaybeToken dropped unparseable scopes, and a bot token could perform none of the eight actions. Spec §23.2. Bots never receive passwords."
M55-01,platform,OpenAPI specification generated from the router and published docs page,M55,implemented-fully-tested,--,Spec §23.1. API surface exists (M18); this is the publication contract.
M55-02,platform,Scoped-token issuance UI and deprecation policy,M55,implemented-fully-tested,--,Spec §23.1.
M56-01,platform,Instance accessibility mode: public | walled_garden | private,M56,implemented-fully-tested,crates/app/tests/instance_access_mode.rs,Spec §0.4.7. Configured as [instance] mode; a typo stops startup rather than falling back to public.
M52-09,discovery,Per-user recommendation engine preference remembered across every recommendation surface,M52,implemented-fully-tested,crates/app/tests/m52_09_rec_engine.rs (7 router-level tests) + unit tests in crates/db/src/rec_preference.rs - passes on SQLite and PostgreSQL,"Implemented and tested; the row was stale at 'planned'. Driven through the real router with a real session because every property that matters here -- per-pseud storage, the 400 naming accepted values, and a disabled-engine report rather than a silent fallback -- is a property of the wiring, not of a function. Matches docs/plans/remaining-work.md M52-09."
M11-17,platform,"Metadata exchange endpoint: version negotiation, signal submission and canonical retrieval, opt-in per instance",M57,implemented-fully-tested,"crates/app/tests/m57_metadata_exchange.rs (24 tests) + crates/domain/src/exchange.rs (18 unit tests) + crates/lore-metadata/tests/exchange_contract.rs (15 tests). Named, from the spec sentences: a_server_that_did_not_enable_the_exchange_answers_404_on_every_door, a_disabled_exchange_answers_404_rather_than_403, a_signal_carrying_a_prohibited_field_is_refused_by_name, every_prohibited_field_is_refused_rather_than_ignored (14 prohibited names), a_refused_signal_stores_nothing, a_brand_new_account_at_tl0_may_not_submit, a_tl1_account_may_submit, the_trust_bars_are_not_configuration, a_reimport_costs_nothing_and_creates_no_second_record, a_duplicate_does_not_reinforce_the_entity_count, a_signal_naming_an_unknown_tag_creates_a_usable_unverified_entity, an_unverified_entity_is_never_rendered_as_curated, distinct_signals_reinforce_one_entity_rather_than_creating_duplicates, the_canonical_response_never_carries_a_submitter_or_a_holder_count, latent_demand_is_once_per_work_per_instance_and_never_a_headcount. Green on SQLite and PostgreSQL; migration 0081 applied on both.","Spec §11.17. GET /exchange/version, POST /exchange/signals, GET /exchange/canonical. Opt-in is a DB row checked before the session so a disabled instance answers 404, not 401. The body is deserialised by hand rather than through axum's Json extractor, because Json's rejection is an empty 422 and §11.17 requires a refusal *by name*. Dedup is the content-hash primary key, so a re-import is free under concurrency. Rate limit is per account per hour."
M11-17a,taxonomy,"Auto-created canonical entities from signals are usable while unverified, with signal_count as review priority only",M57,implemented-fully-tested,"crates/app/tests/m57_metadata_exchange.rs: a_name_from_a_signal_is_searchable_in_the_instance_taxonomy, an_unverified_node_is_listed_by_the_instance_tag_browser, a_node_made_by_a_person_starts_curated_and_a_signal_does_not_demote_it, distinct_signals_reinforce_one_taxonomy_node, a_differing_spelling_is_recorded_as_an_alias_not_a_duplicate, the_review_queue_is_ordered_by_signal_count. Migration 0082 adds taxonomy_nodes.review_status + signal_count; ensure_node_from_signal is the only path that can create an unverified node. Green on SQLite and PostgreSQL.","Spec §15.17. An entity from a signal is a real taxonomy node, not a row in the exchange's own table -- usable immediately (searchable, listed by the tag browser, attachable) while carrying review_status=unverified. create_node (the person path) starts curated; ensure_node_from_signal is the only path that yields unverified. signal_count is review priority only: never a demand weight, never a reader count."
M11-17b,governance,"Low bar to submit signals (TL1), high bar to curate canonical metadata (TL3); neither configurable",M57,implemented-fully-tested,"crates/app/tests/m57_metadata_exchange.rs: a_tl1_account_may_not_curate, a_tl3_account_may_curate_and_the_provenance_survives, a_tl2_account_may_neither_submit_nor_curate, curation_does_not_rewrite_the_originating_signals, curating_an_unknown_entity_is_a_404_rather_than_a_silent_creation, a_brand_new_account_at_tl0_may_not_submit. POST /exchange/entities/curate and GET /exchange/review-queue, both gated on trust in the handler. Bars are consts in lorehaven_domain::exchange with no config path.","Spec §19.14. TL1 submits, TL3 curates, neither configurable -- consts in the domain crate with no config key, because §0.3 makes trust non-purchasable. A new account is TL0 and is refused. Curation sets the canonical form and retains the originating signals untouched."
M11-17c,discovery,"Latent demand: a signal for an unheld work creates or reinforces a demand item, once per work per instance",M57,implemented-fully-tested,"crates/app/tests/m57_metadata_exchange.rs: a_signal_for_a_work_the_instance_does_not_hold_creates_a_demand_item, a_signal_for_a_work_the_instance_already_holds_is_not_demand, the_same_work_signalled_twice_by_one_instance_is_one_demand, a_cross_posted_work_held_under_any_identity_is_not_demand, a_signal_carrying_no_external_identifier_creates_no_demand, a_private_library_copy_does_not_count_as_the_instance_holding_the_work. crates/domain/src/exchange.rs: a_signal_exposes_every_external_identity_it_carries, a_signal_with_no_external_identity_exposes_none. Green on SQLite and PostgreSQL.","Spec §19.15. Demand is created only for a work the instance does NOT hold, keyed by (site:id, source_instance) so a client retry cannot inflate it (the ON CONFLICT arm updates reinforced_at and nothing else). find_held_work matches library_items(source_key, source_work_key) with work_id NOT NULL -- a title is not an identity, and a private-library copy is not the instance holding the work. The held-check is ONE verdict per work, not per identity: a work cross-posted to three sites is one work."
M11-17d,platform,"Shared lore-metadata crate: serde-only wire types, version negotiation, no IO or database dependency",M57,implemented-fully-tested,"crates/lore-metadata/tests/exchange_contract.rs (15 tests: every_forbidden_field_is_refused_rather_than_ignored, the_serialized_form_carries_nothing_prohibited, version_negotiation_refuses_with_the_supported_range, canonical_metadata_never_carries_a_holder_or_submitter_count, a_minimal_signal_round_trips, ...)","Spec §2.3.1. `crates/lore-metadata` holds WorkSignal, CanonicalWork, EntityRef, SignalBatch, CanonicalBatch, ExchangeVersion. One runtime dependency (serde) and no app/db depends on it, verified with `cargo tree`. The §0.3/§11.17 privacy prohibition is executable: 27 prohibited field names are asserted refused at deserialization and absent from the serialized form, so a field that does not exist cannot be sent."
M32-07a,media,Perceptual-hash dedup: Hamming-distance threshold match offers the curator a confidence-scored linkage instead of creating a duplicate MediaReference,M32,implemented-locally-tested,domain::media_resilience::hamming_distance + perceptual_match_confidence; db::media_resilience::find_by_perceptual_hash; POST /api/v1/media/reverse-search; 17 tests in crates/app/tests/media_resilience.rs,"Spec §32.7.2. FOUND 2026-09-25 as a spec-to-code gap: find_by_perceptual_hash took a max_distance and ignored it, so the threshold was not honoured and a result could not be read as 'these are similar'. Now an application-side Hamming search ordered closest-first: the SQL narrows to perceptual_hash IS NOT NULL and the distance is computed in Rust, because neither backend can score hex without a dialect extension. NULL, non-hex and mismatched-width hashes are skipped rather than folded into a large distance, and one malformed row cannot hide a good match. The [media_resilience] config table is wired for the first time (enabled, perceptual_hash_algorithm, perceptual_match_threshold, require_curator_confirmation_below/above, audio_fingerprint), and validate() refuses an unknown algorithm or an out-of-range threshold. Two smaller defects found and fixed alongside: perceptual_match_threshold_is_valid was dead code, and the load_from() test helper reused a directory keyed only by (pid, name), so two tests sharing a name read the first one's config - a refusal test loaded a valid file and passed. Still open in M32-07b: no importer computes a perceptual hash yet, so nothing populates the column this search reads; the config keys are read by the route only."
M32-07b,media,"Compute and store a perceptual hash when media bytes are fetched, so the dedup search has something to match on",M32,implemented-locally-tested,"domain::media_resilience::difference_hash (dHash, 9x8 resample); app::media_fetch::{plan_fetch, classify_with_length, MediaFingerprint, content_hash}; db::media_resilience::record_fingerprint; 6 domain tests, 17 in crates/app/tests/media_fetch.rs, 5 persistence tests in crates/app/tests/media_resilience.rs","Spec §32.7.2. Closes the gap M32-07a left: perceptual_hash was only ever written by a test, so the dedup search read an empty column. Three parts, each tested. (1) difference_hash computes a real 64-bit dHash - resample to a fixed 9x8 grid and compare each sampled pixel with the one to its left. The grid is fixed rather than derived from the input, which is the only reason hashes of two differently-sized copies of one image are comparable. My first implementation walked pixels until it had 64 bits, so a 16x16 image contributed only its first five rows and two images differing entirely below the top half hashed identically; only a test that varies the bottom of the image caught that. (2) plan_fetch is the SSRF guard on the fetch path, delegating to the existing scrapers::safety::is_forbidden_ip and is_local_hostname rather than carrying a second weaker list. It reads url.host() and matches url::Host::{Ipv4,Ipv6,Domain} - host_str().parse::<IpAddr>() returns None for every IPv6 literal because the string keeps its brackets, so the string form silently skipped [::1], [fe80::1] and [::ffff:127.0.0.1], exactly the addresses the check exists to catch; v4-mapped v6 is unwrapped with to_ipv4_mapped() on top. (3) record_fingerprint persists both hashes, refuses a missing row rather than reporting a fetch successful for a deleted reference, and stores perceptual_hash as NULL - never an empty string - when a body could not be decoded, because two empty strings are distance 0 apart and would merge every undecodable image into one reference. Two judgement calls worth recording: plain HTTP is allowed but reported as insecure rather than refused, because a mirror may simply serve images over HTTP and refusing would be a surprise; and perceptual_hash_algorithm now defaults to dhash, not phash, since dHash is the only algorithm this build computes and a default naming an unbuilt one makes a stock instance advertise a dedup it cannot perform. Spec §32.7.2's example and docs/config-reference.md were updated to match, and the enum's doc now says which variants are implemented. Image decoding was the open piece and landed in M32-07c: `image = ""=0.25.6""` (pinned exactly because 0.25.7+ needs Rust 1.85 and the workspace declares rust-version 1.82), features png/jpeg/gif/webp/bmp, 14 transitive deps and no rayon. Still open: phash/whash/ahash remain unimplemented and are refused at compute time, audio_fingerprint is still unapplied to audio, and there is still no media job kind or fetch loop that drives the fetch path - the guard, the decode and the write are tested at their boundaries rather than by a queued job."
M32-07c,media,Decode fetched image bytes to pixels so a real perceptual hash is computed rather than stored NULL,M32,implemented-locally-tested,"app::media_fetch::fingerprint_encoded; image 0.25.6 (pinned, MSRV 1.70); MAX_DECODED_PIXELS = 80_000_000; 6 decoding tests in crates/app/tests/media_fetch.rs (23 total in the file)","Spec §32.7.2. Closes the last gap M32-07b named: a fetched JPEG/PNG could be content-hashed exactly but not perceptually, because nothing could turn bytes into pixels. fingerprint_encoded decodes to luma and fingers both hashes in one call; anything it cannot decode returns None so the caller stores the exact hash with a NULL perceptual one rather than a guess. Two decisions worth recording. The size limit is applied to the DECODER (ImageReader::limits with max_image_width/height), not checked after decoding: load_from_memory has already allocated by the time a caller can measure the result, so a post-decode check documents intent and prevents nothing - image's own defaults leave width and height unbounded and cap only max_alloc at 512 MiB, so a sub-cap but oversized image still gets built. image::Limits is #[non_exhaustive] so it is built from Default and mutated. And the exact pin: image 0.25.7 requires Rust 1.85 and 0.25.10 requires 1.88, so an unpinned cargo add moves the workspace MSRV floor from its declared 1.82 without failing on this 1.98 toolchain; =0.25.6 declares 1.70. Two test-fixture corrections along the way: a re-encode that flipped a PNG filter byte was byte-identical (the byte was already 1) and was also conceptually wrong - changing a filter without re-encoding the deltas changes the decoded image, so the test now splices a tEXt chunk, which differs in bytes and not in pixels, which is the real-world shape of the problem. And the bomb fixture originally emitted width*height zero bytes, making its own test 33 seconds; it now emits one real row, which is what a bomb looks like, and runs in 0.00s. FetchOutcome::NeedsDecoding was removed rather than left as a variant nothing produces. Gate: clippy 0/0, fmt clean, 1772 workspace tests with one known pre-existing milestone_2 rate-limit flake that passes in isolation (verified); the change touches no auth or limiter code. (The missing job wiring landed in M32-07d.)"
M32-07d,media,Drive the fetch end to end in the worker so a media reference's hashes are computed from a real request,M32,implemented-locally-tested,"domain::jobs::JobKind::MediaFetch; app::media_job::{enqueue_media_fetch, handle_media_fetch}; app::worker dispatch arm; POST /api/v1/works/{id}/media-references enqueues; 12 end-to-end tests in crates/app/tests/media_fetch_job.rs (real HTTP server, real PNGs)","Spec §32.7.2. Closes the last structural gap in the chain. M32-07b and M32-07c built the guard, the decoder and the write, and M32-07b's handoff recorded that record_fingerprint had NO production caller -- the 'a parser is not a feature' shape. This adds JobKind::MediaFetch (the job_kinds! macro emits the enum, ALL_KINDS, as_str and parse from one source, and kind_index/resource_class are exhaustive matches, so a new kind cannot be handled everywhere except the list), the worker handler, and the enqueue call in add_media_reference -- whose existing comment promised 'content hash computed async by the pipeline'. The handler runs the whole sequence: confirm the reference exists, take the first availability link by priority, refuse the URL, resolve the host, fetch with the instance client, classify before reading the body, read bounded, fingerprint, record. A job rather than request work because the URL is author-supplied and a slow or dead mirror must not hold an author's connection open; the payload names only the reference id, so no job row carries a URL and a corrected link is picked up by a retry. Classification is honoured, not lumped: 404/410 and a non-image are Fatal, 429/5xx and a connect or read failure are Transient, and a reference with no availability link is Fatal rather than a job that retries for the life of the instance. The body is read chunk-by-chunk against MAX_MEDIA_BYTES so a server that declares no Content-Length cannot send unbounded data. The most important decision: testing this against a loopback server required touching the SSRF guard, and my first cut took a trusted_address: Option<IpAddr> and branched AROUND the guard. It failed immediately -- the literal-address rejection lives inside plan_fetch, so the branch was never reached -- and it was wrong regardless, because a bypassed guard leaves a second, untested path through the most security-sensitive function in the chain. The working shape is plan_fetch_allowing(url, allow, timeout) with plan_fetch delegating to it with an empty slice: scheme, local-name and resolution checks all still run, production has exactly one path, and the allowlist applies to both the literal-address and the DNS-resolution check so the two cannot disagree. A test also had to stop deciding transience from error text: it looked for the substring 'transient' and failed on a correct message that said 'retrying'. The assertion is now on the error TYPE, with the prose kept in the assertion message. HandlerError gained Display and Error impls so it can be formatted normally. The 201 response now carries fingerprint_job_id. Gate: clippy 0/0, fmt clean, 82 suites with 0 failures."
M29-01,discovery,Every served recommendation carries a slot id the reader can ask about,M29,implemented-fully-tested,crates/app/src/routes/discovery.rs + crates/app/tests/m29_transparency.rs,"GET /discovery records each served candidate in recommendation_slots (migration 0076) and splices the id into the response. Slots are recorded at serve time rather than recomputed on demand because time_decay_strategy scores with julianday('now'), so a replay would explain a ranking the reader did not receive"
M29-02,discovery,GET /discovery/slots/{id}/explanation explains one slot in the reader's own words,M29,implemented-fully-tested,crates/db/src/recommendation_slots.rs::explain_slot + crates/app/tests/m29_transparency.rs,"Renders the recorded row, never a recomputation. Another reader's slot is a 404 rather than an answer"
M29-03,taxonomy,"Tag wrangling: propose, approve, reject, revert with recorded reasons",M29,implemented-fully-tested,crates/app/src/routes/recommendation_transparency.rs + tag_wrangling_proposals (0076),"A rejection is recorded with its reason rather than deleting the row, so 'reviewed and declined' stays distinguishable from 'never reviewed'. The moderation queue filters by status so a steward can see what was decided, not only what is waiting"
M29-04,taxonomy,A merge can be reverted exactly,M29,implemented-fully-tested,crates/db/src/recommendation_slots.rs::revert_wrangling,"The reversal replays tag_wrangler_merge_actions in the opposite order rather than inferring what a merge must have touched, so a merge that retargeted two tags and deleted one restores exactly that"
M29-05,discovery,"Per-reader attention report, private to that reader",M29,implemented-fully-tested,crates/app/tests/m29_transparency.rs,GET/PUT /me/attention-report. Off by default; scoped to the reader's own pseud
M29-06,discovery,Recorded slots are pruned on a retention schedule,M29,implemented-fully-tested,crates/app/src/worker.rs::purge_slots + jobs.slot_retention_days,"Without this a slot table is a reader profile kept forever. Defaults to 3 days, clamped to a day..year. A test pins that the task name appears in both MAINTENANCE_TASKS and the worker's match, because a task named in one and not the other silently never runs"
M29-07,discovery,"Instance Taste Profile is stored, not acknowledged",M29,implemented-fully-tested,crates/db/src/instance_taste_settings.rs + migration 0077 + taste_health::save_admin_taste_profile,"PUT /operator/taste-profile used to answer {""status"": ""updated""} and persist nothing. The knobs live in instance_taste_settings (0077); the dimensions stay in admin_taste_profile (0054), which has owned them since M17 -- a second dimensions column would be a second home for one concept, and nothing in either schema would say which one wins. Split by shape, so a dimensions-only PUT does not reset the knobs. Duplicated dimension keys and out-of-range targets are refused, not clamped"
M45-45a,admin,Taste knobs are versioned: every write records the state it replaced,M45,implemented-fully-tested,crates/db/src/instance_taste_settings.rs + migration 0078 + crates/app/tests/m29_transparency.rs,"Gaps review F1/F2. F1 asks for taste as a versioned object and F2 for config history and rollback; both are unsatisfiable while the settings row is a singleton that overwrites. The history insert and the settings upsert are one transaction, so a crash cannot leave a change with no record of what it replaced. A rollback is itself a write, so the trail records that one happened and who asked for it, and two rollbacks walk backwards rather than toggling"
M2-06a,community,Blocks and mutes actually remove someone from the presence stream,M2,implemented-fully-tested,"crates/db/src/community.rs (hidden_accounts, presence_of, set_presence_enabled) + crates/app/src/routes/community.rs + crates/app/tests/milestone_12.rs","M2-06 was recorded as deferred to M12, and M12 shipped the rows but not the effect. is_muted had zero callers, the domain decision function presence_visible_to was dead code, and GET /presence/stream returned every presence row unfiltered -- so someone you blocked still showed as online. The stream now filters through presence_visible_to, keeping the viewer's own row. A set-based hidden_accounts rather than per-row is_blocked/is_muted because the caller filters a whole list. Presence was opt-in in the data model with no route to decline and the stream passing enabled=true on every poll, so any opt-out would have lasted exactly one poll; PUT /me/presence sets it and the stream reads the flag back instead of assuming it"
M3-08a,works,Chapters can be deleted (soft) by owner or an editor,M3,implemented-locally-tested,crates/app/src/routes/works.rs (DELETE /chapters/{id}) + crates/app/tests/milestone_3.rs,"content::delete_chapter has been implemented and unwired since it was written: chapters could be created, edited and restored, never removed, and the function had no callers. It is a soft delete by design -- a reader's stored position may point at a chapter and the revision history is what makes an accident recoverable -- so a test asserts the row survives with deleted_at set, which a hard delete would fail. Authorization reuses update_chapter's pattern: load the parent work through the acting pseud (a stranger gets 404, not 403), then can_edit. Note there is no chapter-list endpoint at all (only POST /works/{id}/chapters and GET /works/{id}/chapters/{chapter}), so a deleted chapter's absence from a list could not be asserted; that endpoint is a separate gap"
PG-01a,platform,"PostgreSQL is a working backend, not an untested one",PG,implemented-fully-tested,"scripts/check-pg-backend-arm-placeholders.py + fix-pg-arm-placeholders.py + crates/db/src/{directory,settings,category_governance,work_discussion,typed_votes,taste_health,work_metrics,moderation,thread_modes}.rs + crates/app/tests/milestone_39.rs","The PostgreSQL suite had never been run to completion. It was 30 failing tests across 11 suites, and essentially all of them were one thing: SQL that is valid on SQLite and a 500 on PostgreSQL. Because SQLite is dynamically typed, a `?` where PostgreSQL wants `$1` is a syntax error there and perfectly fine here, an INTEGER column read as i64 is fine here and a decode error there, and a UUID column read as String is fine here and a decode error there. So the whole dual-backend claim rested on tests that had only ever run against the forgiving one. The worst instance was vote_tx! in directory.rs, a macro that used ? for both engines on the assumption that sqlx renumbers per dialect -- it does not -- so every entry vote on a PostgreSQL instance returned 500 and every test was green. Thirty fixed; the classes are now gated. Six scanner-shaped gates were written during this and four were deleted: the repo already had check-pg-arm-uses-sqlite-pool, check-pg-uuid-casts and check-uncast-pg-placeholders, the last of which reads 256 tables out of migrations/postgres and picks the type per statement, which is why mine produced ~280 false positives where it produces zero. Writing a gate without first reading scripts/ is the actual mistake here, not the gates that survived"
M57A-01,platform,"Analytics are a named capability registry gated by (trust level, role, instance preset), not a per-route check",M57A,implemented-fully-tested,crates/domain/src/analytics.rs + crates/domain/tests/analytics_registry.rs,"57 named scopes. The registry is the surface: a dashboard iterates what it is allowed rather than filtering a list of metrics, so a forgotten check cannot produce a 200 and an unimplemented capability is invisible rather than an unfiltered leak. Three authorisations stay separate -- trust level from trust_levels, Role from operator_role (a grant, not a score), Preset as an upper bound that can only remove"
M57A-02,privacy,"The k-anonymity floor is applied where the aggregate is produced, and is 10 for anything about other people",M57A,implemented-fully-tested,crates/db/src/analytics.rs (ReaderCount) + crates/app/tests/analytics_k_anonymity.rs,"Banding in the route is too late: the rows were read and the access log saw the query either way. K_OTHERS is 10 per 36.12, not the 5 the design document proposed and not the 5 CREATOR_DASHBOARD_FLOOR already used -- that constant counted bookmarks, ratings and comments, which are all counts of other people. The threshold must move stricter as the subject gets less personal. A suppressed count omits the field rather than sending 0, because 0 says nobody did this and the true statement is too few people to tell you"
M57A-03,privacy,"The never-shown list is executable: those names are not capabilities, so code referencing one does not compile",M57A,implemented-fully-tested,FORBIDDEN_SCOPE_NAMES in crates/domain/src/analytics.rs,"A list of claims about behaviour written as a list of facts. Covers A/B variant assignment (24.6), signal weights (0.3, 9.7.1), numeric taste resonance, pseud linkage (7.2), others' reading history (9.5), credit balances, earnings, shadowban state (19.6), vanguard reason (16.18), session identifiers (24.3), feature flags, individual queries (24.3) and per-comment classifier scores. Deleting an entry is a diff rather than an omission, and the test fails if the list or a clause changes"
M57A-04,privacy,"Every metric ships with a definition, a sample size, a freshness timestamp and a stated suppression rule",M57A,implemented-fully-tested,Scope::method() + the meta block in crates/app/src/routes/analytics.rs,"24.2 already required this and nothing enforced it. The registry rejects an incomplete method at construction, so it cannot be skipped, and the floor travels with the number so a client never hardcodes 5 or 10 -- a client with 10 baked in would say fewer than 10 on a surface whose floor is 5, which is both wrong and more revealing than the truth"
M57A-05,platform,"A denied capability is 403 and an unknown one is 404, so the implemented set is not probeable",M57A,implemented-fully-tested,crates/app/src/routes/analytics.rs + crates/app/tests/analytics_gate.rs,"Collapsing them would let a caller distinguish a name this instance has not implemented from one it has but withheld, and that set is itself information. The never-shown names do not parse as scopes, so they are indistinguishable from any other typo"
M57A-06,discovery,"A metric counts distinct pseudonyms, not accounts, events or sessions",M57A,implemented-fully-tested,work_reader_count in crates/db/src/analytics.rs,"An account is one person and counting accounts invites exactly the joins 7.2 forbids. A reader with two pseudonyms is two entries in a work's audience: counting accounts would make a cosplayer look like half a reader, which is a judgement about them the metric has no business making. reading_history_entry also has a unique key on (account, pseud, subject), so a re-read moves one row rather than adding one"
M57A-07,platform,Instance presets constrain analytics as an upper bound and can never raise a trust ceiling,M57A,implemented-fully-tested,Preset::withholds in crates/domain/src/analytics.rs + preset_for in routes/analytics.rs,"An unrecognised preset name falls back to Archive rather than to the most restrictive value, because an operator upgrading with a new preset should not silently lose their analytics. The trust ladder still applies either way. Note Config::development_defaults() is curated_boutique, which maps to Gallery and withholds every community.* capability -- tests of the ladder must pin open_library or they are testing the wrong instance"
M58-01,directory,"A directory vote decays toward zero over a configurable window, so a vote reaffirmed daily outweighs one reaffirmed weekly, which outweighs one reaffirmed monthly",M58,implemented-locally-tested,crates/domain/tests/vote_decay.rs (16 tests); crates/app/tests/vote_decay_parity.rs (6 tests),"Integer exponent, because sqlx-bundled SQLite has no POWER/EXP/LN/SQRT and a fractional exponent would be computable in Rust and unreachable in SQL, so the two would disagree on the score with nothing to report it. Parity tested on both engines at 0/1/7/30/59/60+ days"
M58-02,directory,An entry below the activation threshold keeps every vote at full weight regardless of age,M58,implemented-locally-tested,crates/app/tests/vote_decay_score.rs (8 tests),"The threshold counts vote ROWS, not votes still above zero. Counting live ones made the threshold a function of the clock: an entry scored ~0.0006 with 59-day-old votes and jumped to full weight the day they crossed the cutoff. A twenty-point spike in the wrong direction, caused by ageing, on exactly the entries the rule exists for"
M58-03,directory,"The score is computed on read, so it does not go stale between votes",M58,implemented-locally-tested,crates/db/src/directory.rs decayed_score; crates/domain/src/vote_decay_sql.rs,"The denormalised directory_entries.score is the undecayed sum. The list ordered and displayed it, so an entry kept the rank it earned while its votes were fresh. The SQL lives in one builder so the ranking query and the parity test cannot drift"
M58-04,directory,Voting the same direction again refreshes the vote rather than undoing it,M58,implemented-locally-tested,crates/app/tests/vote_refresh.rs (4 tests); crates/db/src/directory.rs vote_tx!,"This was a DELETE. Right for a permanent vote, wrong for a decaying one: the only way to say ""I still think this is good"" was to vote down and back up, which records a down-vote nobody cast. base_weight is rewritten too, not just voted_at, because it is derived from the voter's trust and taste at the moment they voted"
M58-05,directory,A vote can be withdrawn explicitly,M58,implemented-locally-tested,crates/app/tests/vote_unvote.rs (4 tests); milestone_39 HTTP coverage,"value 0. Withdrawing a vote that is not there returns OK, not an error: a double-clicked un-vote button would otherwise get a failure from a state that is already correct. vote_value is CHECK IN (-1,1) so 0 is only ever deleted"
M58-06,directory,A voter can see whether the entry they voted on is on a clock,M58,implemented-locally-tested,milestone_39 list-reports test; frontend/src/routes/Directory.test.ts (6 new tests),"applies_to_this_entry is per entry, not per instance, and is computed by the same function the vote response uses so the two cannot disagree. Shown only to a voter and only when it changes what they would do. No weight or multiplier is exposed: either would let a voter read off what their own trust and taste are worth"
M58-07,directory,The four decay settings are operator-configurable,M58,implemented-locally-tested,crates/app/src/config.rs DirectoryConfig::decay(); config-file reader,"Defaults: enabled, 60-day cutoff, min_votes 20, exponent 2. A zero or negative cutoff falls back to 60 rather than making every vote worthless, which is a mistake an operator would only notice as a list that stopped ranking"
M57A-08,platform,"A registered capability answers with a query and a real number, and implemented is derived rather than declared",M57A,implemented-fully-tested,reading_totals in crates/db/src/analytics.rs + crates/app/tests/analytics_reading.rs (7 tests),"own.reading.basic is the first of 57 scopes with a query behind it; the other 56 still report not_implemented, which is honest. Two spec sentences decide the shape. 9.6 says do not count opens as proof of reading, so finished works come from reading_status (a decision the reader recorded) and never from reading_history_entry or reading_progress.created_at, which an open writes. It also says label estimates as such, so reading_seconds travels with the method and the 30-minute per-gap cap is asserted in the payload rather than trusted. The gap is measured BETWEEN consecutive progress rows on one work, not within a single row: the single-row form returned 599 seconds against a seeded 72000-second gap, a plausible real number and not the right one. implemented is derived from the scope in the route, because a hardcoded false is a claim in two places and the failure is a dashboard reporting not_implemented for a capability the instance can answer. A zero is reported as 0 rather than null, since these count the viewer own behaviour and a null becomes unwrap_or(0) in some client"
M57A-09,platform,A locally published work can be given a reading status,M57A,implemented-fully-tested,GET/PUT/DELETE /api/v1/works/{id}/reading-status in crates/app/src/routes/works.rs; ReadingStatusControl.svelte on the work page; 7 Rust tests in crates/app/tests/analytics_reading.rs and 10 in frontend/src/lib/components/ReadingStatusControl.test.ts,"Reading status used to hang off library_items, and library_items is created in exactly one place -- imports::upsert_library_item, called by the import runner. A work published on this instance had no subject to mark, so a reader of local fiction saw a permanent zero on their own dashboard. The data model already anticipated the fix: SUBJECT_WORK exists, the analytics query already filters on subject_type = work, and reading_progress is keyed on works. Only the door was missing. Visibility goes through the same reading_decision the read door uses rather than a bare existence check, and the refusal is 404 rather than 403, because a 403 on an unlisted work answers a question nobody should be able to ask. No trust floor: this is the reader recording something about themselves, not a review, a rating or a kudos. Every test in this file seeds reading_status with raw SQL; these seven go through the door instead, which is the point -- a fixture that inserts the row cannot catch a door that refuses to write it. Companion fix in da0083b: the library-item status door had been accepting any UUID and storing an orphan row. The control is placed outside the discussionMode block, because a reading status is a note the reader keeps for themselves: gating it would mean a reader who set thread_enabled: false silently loses the ability to record what they have read. It offers all five states in the server vocabulary, including want-to-read -- a client union invented for the control had four states and on_hold, which svelte-check caught and vitest did not."
M45-45g1,governance,"Community category lifecycle: create, rename, deprecate, merge, hard-delete with redirect",M45,implemented-locally-tested,"crates/app/tests/milestone_45_governance.rs (22 tests, green on SQLite and PostgreSQL); crates/db/src/category_governance.rs (lifecycle, deprecate, merge, delete, upsert)","Discovered while testing: the module had 24 public functions and no tests on either backend, and no row in this tracker."
M45-45g2,governance,"Category change proposals with quorum voting, veto by operator, and expiry at closes_at",M45,implemented-locally-tested,"crates/app/tests/milestone_45_governance.rs (22 tests, green on SQLite and PostgreSQL); crates/db/src/category_governance.rs (vote tallying, quorum threshold, veto, expiry, listing)",Vote tallying and the status update both had broken PostgreSQL placeholder numbering; see the commit message.
M45-45g3,governance,"Entry moderation proposals: vote to quorum, then move or remove the entry",M45,implemented-locally-tested,"crates/app/tests/milestone_45_governance.rs (22 tests, green on SQLite and PostgreSQL); crates/db/src/category_governance.rs (entry moderation vote, move, remove, unapplied paths)",Fixed quorum of 2 (ENTRY_MOD_QUORUM). Same broken numbering as the category path.
M45-45g4,governance,Public per-category changelog of governance events,M45,implemented-locally-tested,"crates/app/tests/milestone_45_governance.rs (22 tests, green on SQLite and PostgreSQL); crates/db/src/category_governance.rs (changelog append and list)",Ordering is by created_at DESC with an explicit limit.
M45-45g5,governance,Category merge into a non-existent target is refused rather than leaving a dangling redirect,M45,implemented-locally-tested,crates/app/tests/milestone_45_governance.rs (a_merge_needs_both_sides_to_be_live_categories); crates/db/src/category_governance.rs::merge_categories,"merge_categories resolved its target with a subselect and did not check it found a row, so a merge into a non-existent category left the source in state merged with merged_into = NULL: a redirect nothing can follow, with its entries still labelled under the dead slug. It now requires a live source, a live target, and two distinct slugs, and binds the resolved id rather than re-selecting it."
M45-45g6,platform,"PostgreSQL arms of category governance are exercised, not just written",M45,implemented-locally-tested,"crates/app/tests/milestone_45_governance.rs (22 tests, green on SQLite and PostgreSQL); crates/db/src/category_governance.rs","Six statements were numbered as if sqlx kept one placeholder counter across a transaction; PostgreSQL rejects them and SQLite does not check, so all six would have failed in production on first use."
M18-01,community,Reading collections with an item policy and public/private visibility,M18,implemented-locally-tested,"crates/app/tests/milestone_18_events.rs (17 tests, green on SQLite and PostgreSQL); crates/db/src/events.rs (collection round trip, public listing, item notes)","No M18 row or test existed for any of the 24 functions in crates/db/src/events.rs; the module was fully implemented and entirely uncovered. Wishlist privacy depends on the account id parsing as a UUID (Uuid::parse_str(..).unwrap_or_default()), so a readable test id collapses to the nil UUID and tests nothing -- every id in the suite is a real UUID."
M18-02,community,"Prompt requests with a single live claim, fulfillment, and claim expiry",M18,implemented-locally-tested,"crates/app/tests/milestone_18_events.rs (17 tests, green on SQLite and PostgreSQL); crates/db/src/events.rs (claim, re-claim after fulfillment, fulfillment rules, expiry)","No M18 row or test existed for any of the 24 functions in crates/db/src/events.rs; the module was fully implemented and entirely uncovered. Wishlist privacy depends on the account id parsing as a UUID (Uuid::parse_str(..).unwrap_or_default()), so a readable test id collapses to the nil UUID and tests nothing -- every id in the suite is a real UUID. The anti-gaming rule is (work, claimant) uniqueness; a code comment claimed the opposite and has been corrected to match the SQL."
M18-03,community,Wishlists with per-account privacy enforced on read,M18,implemented-locally-tested,"crates/app/tests/milestone_18_events.rs (17 tests, green on SQLite and PostgreSQL); crates/db/src/events.rs (owner/stranger/anonymous visibility, cross-owner isolation, toggle, items)","No M18 row or test existed for any of the 24 functions in crates/db/src/events.rs; the module was fully implemented and entirely uncovered. Wishlist privacy depends on the account id parsing as a UUID (Uuid::parse_str(..).unwrap_or_default()), so a readable test id collapses to the nil UUID and tests nothing -- every id in the suite is a real UUID."
M18-04,community,Readathon events with participant sign-up and a public roster,M18,implemented-locally-tested,"crates/app/tests/milestone_18_events.rs (17 tests, green on SQLite and PostgreSQL); crates/db/src/events.rs (join, duplicate join, participant roster, document round trip)","No M18 row or test existed for any of the 24 functions in crates/db/src/events.rs; the module was fully implemented and entirely uncovered. Wishlist privacy depends on the account id parsing as a UUID (Uuid::parse_str(..).unwrap_or_default()), so a readable test id collapses to the nil UUID and tests nothing -- every id in the suite is a real UUID."
M18-05,community,Request claim expiry is idempotent: a claim is not re-expired on every run,M18,implemented-fully-tested,"crates/app/tests/milestone_18_events.rs (claims_expire_once_past_the_grace_period, an_expired_claim_can_be_claimed_again, joining_an_event_twice_is_false_not_an_error, one_work_cannot_fulfil_the_same_request_twice, the_anti_gaming_rule_is_per_work_and_claimant) — 19 tests, both backends","Fixed, not pinned. `claims` had no state: `fulfilled_at IS NULL` was both the 'still outstanding' test and what expiry wrote, so an expired claim matched its own expiry statement forever and the scheduled job's count never fell to zero. Migration 0080 adds `claims.status`; expiry keys on it. The 'at most one active claim' guard also moved onto the state, because otherwise a request whose claim aged out could never be re-claimed. A fulfilled request stays re-claimable by a new claimant — that was a deliberate existing rule, not a defect."
M18-06,community,fulfil_claim and join_event report their duplicate case the same way,M18,implemented-fully-tested,"crates/app/tests/milestone_18_events.rs (claims_expire_once_past_the_grace_period, an_expired_claim_can_be_claimed_again, joining_an_event_twice_is_false_not_an_error, one_work_cannot_fulfil_the_same_request_twice, the_anti_gaming_rule_is_per_work_and_claimant) — 19 tests, both backends","Normalised on a soft `false`, as the row's own note recommended. `join_event` is now ON CONFLICT DO NOTHING; `fulfil_claim` returns Ok(false) instead of bailing. Both are Result<bool> and now agree. Side effect: the fulfil route returns 4xx for a duplicate instead of a 500. Also fixed a PG-only INT4/i64 decode fault in the duplicate probe."
M32-D01,,"The default vote taxonomy is four positive types and one negative, and `disagree` costs more budget than a positive vote",,implemented-verified-e2e,"crates/app/tests/milestone_32_data.rs (30 tests, green on SQLite and PostgreSQL) :: the_default_taxonomy_has_four_positive_types_and_one_negative",
M32-D02,,The taxonomy is returned in `position` order because the UI renders it in that order,,implemented-verified-e2e,"crates/app/tests/milestone_32_data.rs (30 tests, green on SQLite and PostgreSQL) :: all_vote_types_are_ordered_by_position",
M32-D03,,"A vote type reads back by id, and an unknown id is `None` rather than an error",,implemented-verified-e2e,"crates/app/tests/milestone_32_data.rs (30 tests, green on SQLite and PostgreSQL) :: a_vote_type_can_be_read_back_by_id",
M32-D04,,A `NULL` category_scope makes a vote type global: every category is offered the same set,,implemented-verified-e2e,"crates/app/tests/milestone_32_data.rs (30 tests, green on SQLite and PostgreSQL) :: the_global_taxonomy_applies_to_every_category",
M32-D05,,"A category-scoped vote type is offered only in its own category, so a category can change its taxonomy with data alone",,implemented-verified-e2e,"crates/app/tests/milestone_32_data.rs (30 tests, green on SQLite and PostgreSQL) :: a_category_scoped_type_narrows_the_taxonomy_for_that_category_only",
M32-D06,,"A cast vote stores and reads back, and its weight at cast is frozen on the row",,implemented-verified-e2e,"crates/app/tests/milestone_32_data.rs (30 tests, green on SQLite and PostgreSQL) :: casting_a_vote_stores_it_and_reads_it_back",
M32-D07,,"Recasting updates the same row in place: one vote per (post, pseud), keeping its id",,implemented-verified-e2e,"crates/app/tests/milestone_32_data.rs (30 tests, green on SQLite and PostgreSQL) :: recasting_replaces_the_type_in_place_and_keeps_one_row",
M32-D08,,Two pseuds voting on one post keep separate votes,,implemented-verified-e2e,"crates/app/tests/milestone_32_data.rs (30 tests, green on SQLite and PostgreSQL) :: two_pseuds_on_one_post_keep_separate_votes",
M32-D09,,"Deleting a vote returns the vote it removed, and a second delete has nothing to return",,implemented-verified-e2e,"crates/app/tests/milestone_32_data.rs (30 tests, green on SQLite and PostgreSQL) :: deleting_a_vote_returns_what_it_removed_and_is_idempotent",
M32-D10,,"Vote counts group by type and are raw, not weighted",,implemented-verified-e2e,"crates/app/tests/milestone_32_data.rs (30 tests, green on SQLite and PostgreSQL) :: vote_counts_group_by_type",
M32-D11,,"The weighted total sums the frozen cast weights, and an unvoted post totals zero rather than null",,implemented-verified-e2e,"crates/app/tests/milestone_32_data.rs (30 tests, green on SQLite and PostgreSQL) :: the_weighted_total_sums_the_frozen_cast_weights",
M32-D12,,"Meta-moderation moves future weight only, never the history: a recast replaces the current weight on the row",,implemented-verified-e2e,"crates/app/tests/milestone_32_data.rs (30 tests, green on SQLite and PostgreSQL) :: a_recast_changes_the_weighted_total_but_never_the_history",
M32-D13,,"Vote visibility is the author opt-in, and it reads back as an i64 (the `::bigint` cast the PostgreSQL arm needs)",,implemented-verified-e2e,"crates/app/tests/milestone_32_data.rs (30 tests, green on SQLite and PostgreSQL) :: vote_visibility_is_the_authors_opt_in",
M32-D14,,"Post context carries the topic, author pseud and the category that selects the taxonomy",,implemented-verified-e2e,"crates/app/tests/milestone_32_data.rs (30 tests, green on SQLite and PostgreSQL) :: post_context_carries_the_category_that_selects_the_taxonomy",
M32-D15,,A soft-deleted post has no vote context,,implemented-verified-e2e,"crates/app/tests/milestone_32_data.rs (30 tests, green on SQLite and PostgreSQL) :: a_deleted_post_has_no_context",
M32-D16,,"A vote budget reports zero for an account that never voted, and has no oldest charge",,implemented-verified-e2e,"crates/app/tests/milestone_32_data.rs (30 tests, green on SQLite and PostgreSQL) :: budget_spent_is_zero_for_an_account_that_never_voted",
M32-D17,,"A steward can cast a fair or unfair verdict on a vote, and the action is listed",,implemented-verified-e2e,"crates/app/tests/milestone_32_data.rs (30 tests, green on SQLite and PostgreSQL) :: meta_mods_can_cast_a_fair_or_unfair_verdict_on_a_vote",
M32-D18,,"A verdict is one per (vote, steward) and can be changed by recasting",,implemented-verified-e2e,"crates/app/tests/milestone_32_data.rs (30 tests, green on SQLite and PostgreSQL) :: a_meta_verdict_is_one_per_steward_and_can_be_changed",
M32-D19,,"A pseud verdict record counts fair and unfair separately, and counts verdicts cast on their own votes",,implemented-verified-e2e,"crates/app/tests/milestone_32_data.rs (30 tests, green on SQLite and PostgreSQL) :: a_casters_verdict_record_counts_fair_and_unfair_separately",
M32-D20,,"A pseud with no verdict record is zero-zero, not an error",,implemented-verified-e2e,"crates/app/tests/milestone_32_data.rs (30 tests, green on SQLite and PostgreSQL) :: meta_verdicts_are_zero_zero_for_someone_who_has_cast_none",
M32-D21,,"Caster weight is derived from the verdict record: clean keeps full weight, and an empty record is not a penalty",,implemented-verified-e2e,"crates/app/tests/milestone_32_data.rs (30 tests, green on SQLite and PostgreSQL) :: a_casters_weight_is_derived_from_their_verdict_record",
M32-D22,,A caster below the verdict threshold carries the default weight rather than a reduced one,,implemented-verified-e2e,"crates/app/tests/milestone_32_data.rs (30 tests, green on SQLite and PostgreSQL) :: a_steward_below_the_verdict_threshold_has_no_weight",
M32-D23,,An unfair verdict costs the voted author weight; the steward who cast it is unaffected,,implemented-verified-e2e,"crates/app/tests/milestone_32_data.rs (30 tests, green on SQLite and PostgreSQL) :: a_steward_whose_verdicts_were_called_unfair_loses_weight",
M32-D24,,Meta-mod cast counting is available per account and window,,implemented-verified-e2e,"crates/app/tests/milestone_32_data.rs (30 tests, green on SQLite and PostgreSQL) :: meta_mods_cast_counts_the_stewards_in_a_window",
M32-D25,,Karma starts at zero and accrues in basis points,,implemented-verified-e2e,"crates/app/tests/milestone_32_data.rs (30 tests, green on SQLite and PostgreSQL) :: karma_starts_at_zero_and_accrues",
M32-D26,,Karma accrual is additive and never goes below zero,,implemented-verified-e2e,"crates/app/tests/milestone_32_data.rs (30 tests, green on SQLite and PostgreSQL) :: karma_accrual_is_additive_and_never_negative",
M32-D27,,"Karma decay applies only after a whole 30-day month, and is idempotent within one",,implemented-verified-e2e,"crates/app/tests/milestone_32_data.rs (30 tests, green on SQLite and PostgreSQL) :: karma_decay_shrinks_a_value_by_its_percent",
M32-D28,,Decaying an unknown pseud is a no-op returning zero,,implemented-verified-e2e,"crates/app/tests/milestone_32_data.rs (30 tests, green on SQLite and PostgreSQL) :: karma_decay_of_an_unknown_pseud_is_a_no_op",
M32-D29,,"Karma summary for an unknown pseud is zero, not an error",,implemented-verified-e2e,"crates/app/tests/milestone_32_data.rs (30 tests, green on SQLite and PostgreSQL) :: karma_summary_of_an_unknown_pseud_is_zero_not_an_error",
M21-D01,,Subscribing creates an active subscription row,,implemented-verified-e2e,"crates/app/tests/milestone_21_subscriptions.rs (24 tests, green on SQLite and PostgreSQL) :: subscribing_creates_an_active_row",
M21-D02,,Subscribing twice to the same subject keeps one row and reactivates a paused one,,implemented-verified-e2e,"crates/app/tests/milestone_21_subscriptions.rs (24 tests, green on SQLite and PostgreSQL) :: subscribing_to_the_same_subject_twice_keeps_one_row_and_reactivates_it",
M21-D03,,"KNOWN DEFECT: a re-subscribe returns a freshly minted id that addresses no row, because the ON CONFLICT branch keeps the original id",,implemented-verified-e2e,"crates/app/tests/milestone_21_subscriptions.rs (24 tests, green on SQLite and PostgreSQL) :: a_resubscribe_returns_an_id_that_addresses_nothing",
M21-D04,,Pausing and resuming report whether a row moved; an unknown id moves nothing,,implemented-verified-e2e,"crates/app/tests/milestone_21_subscriptions.rs (24 tests, green on SQLite and PostgreSQL) :: pausing_and_resuming_reports_whether_a_row_moved",
M21-D05,,Unsubscribing removes the row and reports whether it did,,implemented-verified-e2e,"crates/app/tests/milestone_21_subscriptions.rs (24 tests, green on SQLite and PostgreSQL) :: unsubscribing_removes_the_row_and_reports_whether_it_did",
M21-D06,,Unsubscribing is scoped to the one subscriber,,implemented-verified-e2e,"crates/app/tests/milestone_21_subscriptions.rs (24 tests, green on SQLite and PostgreSQL) :: unsubscribing_is_scoped_to_the_one_subscriber",
M21-D07,,Subscriptions are listed newest first,,implemented-verified-e2e,"crates/app/tests/milestone_21_subscriptions.rs (24 tests, green on SQLite and PostgreSQL) :: subscriptions_are_listed_newest_first",
M21-D08,,The subscriber count ignores paused rows,,implemented-verified-e2e,"crates/app/tests/milestone_21_subscriptions.rs (24 tests, green on SQLite and PostgreSQL) :: the_subscriber_count_ignores_paused_rows",
M21-D09,,The active subscriber for a subject is one who is actually active,,implemented-verified-e2e,"crates/app/tests/milestone_21_subscriptions.rs (24 tests, green on SQLite and PostgreSQL) :: the_active_subscriber_for_a_subject_is_someone_actually_active",
M21-D10,,A subject with only paused subscribers names no active subscriber,,implemented-verified-e2e,"crates/app/tests/milestone_21_subscriptions.rs (24 tests, green on SQLite and PostgreSQL) :: a_subject_with_only_paused_subscribers_names_no_active_subscriber",
M21-D11,,A new alert has never run,,implemented-verified-e2e,"crates/app/tests/milestone_21_subscriptions.rs (24 tests, green on SQLite and PostgreSQL) :: creating_an_alert_starts_it_unrun",
M21-D12,,Recreating an alert for the same saved search updates its frequency in place,,implemented-verified-e2e,"crates/app/tests/milestone_21_subscriptions.rs (24 tests, green on SQLite and PostgreSQL) :: recreating_an_alert_for_the_same_search_updates_its_frequency",
M21-D13,,Marking an alert run stamps the time; an unknown alert stamps nothing,,implemented-verified-e2e,"crates/app/tests/milestone_21_subscriptions.rs (24 tests, green on SQLite and PostgreSQL) :: marking_an_alert_run_stamps_the_time_and_is_idempotent_in_shape",
M21-D14,,Deleting an alert removes it and reports whether it did,,implemented-verified-e2e,"crates/app/tests/milestone_21_subscriptions.rs (24 tests, green on SQLite and PostgreSQL) :: deleting_an_alert_removes_it_and_reports_whether_it_did",
M21-D15,,Alerts are listed per owner only,,implemented-verified-e2e,"crates/app/tests/milestone_21_subscriptions.rs (24 tests, green on SQLite and PostgreSQL) :: alerts_are_listed_per_owner_only",
M21-D16,,AI-training consent is opt-in: an author who never answered is not opted in,,implemented-verified-e2e,"crates/app/tests/milestone_21_subscriptions.rs (24 tests, green on SQLite and PostgreSQL) :: an_author_who_has_never_answered_is_not_opted_in",
M21-D17,,Opting in and out round-trips (PostgreSQL: the write and both reads were 500s before the BIGINT fix),,implemented-verified-e2e,"crates/app/tests/milestone_21_subscriptions.rs (24 tests, green on SQLite and PostgreSQL) :: opting_in_and_out_round_trips",
M21-D18,,Consent is recorded per pseud: one author yes is not another author yes,,implemented-verified-e2e,"crates/app/tests/milestone_21_subscriptions.rs (24 tests, green on SQLite and PostgreSQL) :: consent_is_recorded_per_pseud",
M21-D19,,"The status list covers every pseud that has answered, declined authors included",,implemented-verified-e2e,"crates/app/tests/milestone_21_subscriptions.rs (24 tests, green on SQLite and PostgreSQL) :: the_status_list_covers_every_pseud_that_has_answered",
M21-D20,,"The dismiss handler deletes a declined row rather than recording it, so the refusal is not an audit trail",,implemented-verified-e2e,"crates/app/tests/milestone_21_subscriptions.rs (24 tests, green on SQLite and PostgreSQL) :: a_recorded_opt_out_can_be_dismissed_and_the_answer_does_not_change",
M21-D21,,The dismiss handler leaves an opt-in alone,,implemented-verified-e2e,"crates/app/tests/milestone_21_subscriptions.rs (24 tests, green on SQLite and PostgreSQL) :: the_dismiss_handler_leaves_an_opt_in_alone",
M21-D22,,"KNOWN DEFECT: a delayed opt-out dates the effect in the future rather than the request, and its PostgreSQL arm had no text+interval operator at all",,implemented-verified-e2e,"crates/app/tests/milestone_21_subscriptions.rs (24 tests, green on SQLite and PostgreSQL) :: a_delayed_opt_out_is_effective_immediately_and_dates_the_effect_in_the_future",
M21-D23,,The transactional delayed opt-out agrees with the non-transactional one,,implemented-verified-e2e,"crates/app/tests/milestone_21_subscriptions.rs (24 tests, green on SQLite and PostgreSQL) :: the_transactional_delayed_opt_out_agrees_with_the_non_transactional_one",
M21-D24,,A delayed opt-out for an unknown pseud is a quiet no-op,,implemented-verified-e2e,"crates/app/tests/milestone_21_subscriptions.rs (24 tests, green on SQLite and PostgreSQL) :: a_delayed_opt_out_for_an_unknown_pseud_is_a_quiet_no_op",
M43-D01,,An actor round-trips with every column,,implemented-verified-e2e,"crates/app/tests/milestone_43_federation.rs (21 tests, green on SQLite and PostgreSQL) :: an_actor_round_trips_with_every_column",
M43-D02,,"A local actor may have no instance host and no user; optional columns stay null, not empty strings",,implemented-verified-e2e,"crates/app/tests/milestone_43_federation.rs (21 tests, green on SQLite and PostgreSQL) :: a_local_actor_may_have_no_instance_host_and_no_user",
M43-D03,,An unknown ap_id is None rather than an error,,implemented-verified-e2e,"crates/app/tests/milestone_43_federation.rs (21 tests, green on SQLite and PostgreSQL) :: an_unknown_ap_id_is_none_rather_than_an_error",
M43-D04,,"An activity stores its payload and object, and the queue carries the activity id",,implemented-verified-e2e,"crates/app/tests/milestone_43_federation.rs (21 tests, green on SQLite and PostgreSQL) :: an_activity_stores_its_payload_and_object",
M43-D05,,An activity requires a real actor (foreign key enforced),,implemented-verified-e2e,"crates/app/tests/milestone_43_federation.rs (21 tests, green on SQLite and PostgreSQL) :: an_activity_needs_a_real_actor_because_of_the_foreign_key",
M43-D06,,A follow starts unaccepted and can be accepted,,implemented-verified-e2e,"crates/app/tests/milestone_43_federation.rs (21 tests, green on SQLite and PostgreSQL) :: a_follow_starts_unaccepted_and_can_be_accepted",
M43-D07,,Accepting an unknown follow is a quiet no-op,,implemented-verified-e2e,"crates/app/tests/milestone_43_federation.rs (21 tests, green on SQLite and PostgreSQL) :: accepting_an_unknown_follow_is_a_quiet_no_op",
M43-D08,,A follow requires two real actors,,implemented-verified-e2e,"crates/app/tests/milestone_43_federation.rs (21 tests, green on SQLite and PostgreSQL) :: a_follow_needs_two_real_actors",
M43-D09,,A fingerprint is generated with a 30-day validity and a host-derived signature,,implemented-verified-e2e,"crates/app/tests/milestone_43_federation.rs (21 tests, green on SQLite and PostgreSQL) :: a_fingerprint_is_generated_with_a_thirty_day_validity",
M43-D10,,"KNOWN DEFECT: regenerating a fingerprint is a unique violation, not a refresh, so a fingerprint is permanent",,implemented-verified-e2e,"crates/app/tests/milestone_43_federation.rs (21 tests, green on SQLite and PostgreSQL) :: regenerating_a_fingerprint_fails_instead_of_refreshing_it",
M43-D11,,An expired fingerprint is not returned,,implemented-verified-e2e,"crates/app/tests/milestone_43_federation.rs (21 tests, green on SQLite and PostgreSQL) :: a_fingerprint_that_has_expired_is_not_returned",
M43-D12,,A theme vector may be absent for the Jaccard fallback,,implemented-verified-e2e,"crates/app/tests/milestone_43_federation.rs (21 tests, green on SQLite and PostgreSQL) :: a_theme_vector_may_be_absent_for_the_jaccard_fallback",
M43-D13,,A peer upserts and replaces in place; the REAL similarity column round-trips,,implemented-verified-e2e,"crates/app/tests/milestone_43_federation.rs (21 tests, green on SQLite and PostgreSQL) :: a_peer_upserts_and_replaces_in_place",
M43-D14,,Similar peers are filtered by an inclusive threshold and ordered by similarity descending,,implemented-verified-e2e,"crates/app/tests/milestone_43_federation.rs (21 tests, green on SQLite and PostgreSQL) :: similar_peers_are_filtered_by_threshold_and_ordered_by_similarity",
M43-D15,,The similar-peer list respects its limit without affecting the full list,,implemented-verified-e2e,"crates/app/tests/milestone_43_federation.rs (21 tests, green on SQLite and PostgreSQL) :: the_similar_peer_list_respects_its_limit",
M43-D16,,A threshold nobody meets returns nothing,,implemented-verified-e2e,"crates/app/tests/milestone_43_federation.rs (21 tests, green on SQLite and PostgreSQL) :: a_threshold_nobody_meets_returns_nothing",
M43-D17,,"A queued activity starts pending, and a sent activity leaves the pending queue",,implemented-verified-e2e,"crates/app/tests/milestone_43_federation.rs (21 tests, green on SQLite and PostgreSQL) :: a_queued_activity_starts_pending_with_no_attempts",
M43-D18,,The queue is ordered oldest first and respects its limit,,implemented-verified-e2e,"crates/app/tests/milestone_43_federation.rs (21 tests, green on SQLite and PostgreSQL) :: the_queue_is_ordered_oldest_first_and_respects_its_limit",
M43-D19,,KNOWN DEFECT: a failed delivery leaves the queue permanently; the attempts counter is written and never read,,implemented-verified-e2e,"crates/app/tests/milestone_43_federation.rs (21 tests, green on SQLite and PostgreSQL) :: a_failed_delivery_leaves_the_queue_for_good",
M43-D20,,Marking an unknown queue row is a quiet no-op,,implemented-verified-e2e,"crates/app/tests/milestone_43_federation.rs (21 tests, green on SQLite and PostgreSQL) :: marking_an_unknown_queue_row_is_a_quiet_no_op",
M43-D21,,Enqueueing requires a real activity (foreign key enforced),,implemented-verified-e2e,"crates/app/tests/milestone_43_federation.rs (21 tests, green on SQLite and PostgreSQL) :: enqueueing_needs_a_real_activity_because_of_the_foreign_key",
M68-D01,,A work with no activity has every counter at zero,,implemented-verified-e2e,"crates/app/tests/milestone_68_work_metrics.rs (22 tests, green on SQLite and PostgreSQL) :: a_work_with_no_activity_has_every_counter_at_zero",
M68-D02,,Views are counted per viewer and timestamp,,implemented-verified-e2e,"crates/app/tests/milestone_68_work_metrics.rs (22 tests, green on SQLite and PostgreSQL) :: views_are_counted_per_viewer_and_timestamp",
M68-D03,,An automated view is recorded as evidence but excluded from the count,,implemented-verified-e2e,"crates/app/tests/milestone_68_work_metrics.rs (22 tests, green on SQLite and PostgreSQL) :: an_automated_view_is_recorded_but_not_counted",
M68-D04,,The same viewer at the same instant is deduplicated; a later timestamp is a new event,,implemented-verified-e2e,"crates/app/tests/milestone_68_work_metrics.rs (22 tests, green on SQLite and PostgreSQL) :: the_same_viewer_at_the_same_instant_is_deduplicated",
M68-D05,,"A complete read is a reader whose status is finished; it is one row per (account, subject) and is updated",,implemented-verified-e2e,"crates/app/tests/milestone_68_work_metrics.rs (22 tests, green on SQLite and PostgreSQL) :: a_complete_read_is_a_reader_who_finished",
M68-D06,,A reaction is one per pseud per work,,implemented-verified-e2e,"crates/app/tests/milestone_68_work_metrics.rs (22 tests, green on SQLite and PostgreSQL) :: a_reaction_is_one_per_pseud_per_work",
M68-D07,,A bookmark is counted for a work subject only,,implemented-verified-e2e,"crates/app/tests/milestone_68_work_metrics.rs (22 tests, green on SQLite and PostgreSQL) :: a_bookmark_is_counted_for_a_work_subject_only",
M68-D08,,Only public collections count towards collection adds,,implemented-verified-e2e,"crates/app/tests/milestone_68_work_metrics.rs (22 tests, green on SQLite and PostgreSQL) :: only_public_collections_count_towards_collection_adds",
M68-D09,,Only undeleted public reviews are counted,,implemented-verified-e2e,"crates/app/tests/milestone_68_work_metrics.rs (22 tests, green on SQLite and PostgreSQL) :: only_undeleted_public_reviews_are_counted",
M68-D10,,Kudos toggle on and off and the aggregate tracks it,,implemented-verified-e2e,"crates/app/tests/milestone_68_work_metrics.rs (22 tests, green on SQLite and PostgreSQL) :: kudos_toggle_on_and_off_and_tracks_the_aggregate",
M68-D11,,Kudos from two accounts are independent,,implemented-verified-e2e,"crates/app/tests/milestone_68_work_metrics.rs (22 tests, green on SQLite and PostgreSQL) :: kudos_from_two_accounts_are_independent",
M68-D12,,Toggling kudos keeps the materialized aggregate in step without moving other counters,,implemented-verified-e2e,"crates/app/tests/milestone_68_work_metrics.rs (22 tests, green on SQLite and PostgreSQL) :: toggling_kudos_keeps_the_materialized_aggregate_in_step",
M68-D13,,get_metrics falls back to live counts when no materialized row exists,,implemented-verified-e2e,"crates/app/tests/milestone_68_work_metrics.rs (22 tests, green on SQLite and PostgreSQL) :: get_metrics_falls_back_to_live_counts_when_no_row_exists",
M68-D14,,"A materialized row is preferred over a live recompute, so the cache and the log may disagree by design",,implemented-verified-e2e,"crates/app/tests/milestone_68_work_metrics.rs (22 tests, green on SQLite and PostgreSQL) :: a_materialized_row_is_preferred_over_a_live_recompute",
M68-D15,,recompute_and_store reconciles the cache with the source tables,,implemented-verified-e2e,"crates/app/tests/milestone_68_work_metrics.rs (22 tests, green on SQLite and PostgreSQL) :: recompute_and_store_reconciles_the_cache_with_the_sources",
M68-D16,,Recomputing twice is idempotent,,implemented-verified-e2e,"crates/app/tests/milestone_68_work_metrics.rs (22 tests, green on SQLite and PostgreSQL) :: recomputing_twice_is_idempotent",
M68-D17,,A work that does not exist is refused by the foreign key rather than given a metrics row,,implemented-verified-e2e,"crates/app/tests/milestone_68_work_metrics.rs (22 tests, green on SQLite and PostgreSQL) :: recompute_for_a_work_that_does_not_exist_is_refused",
M68-D18,,A counter creates the aggregate row lazily and accumulates,,implemented-verified-e2e,"crates/app/tests/milestone_68_work_metrics.rs (22 tests, green on SQLite and PostgreSQL) :: incrementing_a_counter_creates_the_row_lazily_and_accumulates",
M68-D19,,A counter can be moved by a negative delta,,implemented-verified-e2e,"crates/app/tests/milestone_68_work_metrics.rs (22 tests, green on SQLite and PostgreSQL) :: a_counter_can_be_moved_by_a_negative_delta",
M68-D20,,increment_views moves the views counter by one,,implemented-verified-e2e,"crates/app/tests/milestone_68_work_metrics.rs (22 tests, green on SQLite and PostgreSQL) :: increment_views_moves_the_views_counter_by_one",
M68-D21,,"KNOWN DEFECT: increment_counter is pub and interpolates any column name it is given, with no allowlist between the caller and the SQL",,implemented-verified-e2e,"crates/app/tests/milestone_68_work_metrics.rs (22 tests, green on SQLite and PostgreSQL) :: increment_counter_will_interpolate_any_column_name_it_is_given",
M68-D22,,The counter columns are exactly the seven the work card shows,,implemented-verified-e2e,"crates/app/tests/milestone_68_work_metrics.rs (22 tests, green on SQLite and PostgreSQL) :: the_counter_columns_are_the_seven_the_card_shows",
M82-D00,,"Work collaboration: 12 previously untested functions -- contributors, roles and invitations -- with 40 tests covering role ordering, the drop-unknown-role rule, owner protection, and the accept/decline/revoke state machine",,implemented-verified-e2e,"crates/app/tests/milestone_82_collaboration.rs (40 tests, green on SQLite and PostgreSQL) :: all 40 tests",
M31-D00,,"Work discussion: 8 previously untested functions -- modes, linked topics, reactions and the comment-to-topic migration -- with 34 tests. Fixed: re-clicking an already-cast reaction reported Retracted without deleting the row, so the work page kept showing it.",,implemented-verified-e2e,"crates/app/tests/milestone_31_work_discussion.rs (34 tests, green on SQLite and PostgreSQL) :: all 34 tests, including clicking_the_same_reaction_again_retracts_it",
M18-P42-D00,,"Taste Vanguard roles and pins: 9 previously untested functions with 41 tests. Fixed: select_by_contribution_volume named bookmarks.pseud_id, bookmarks.work_id and a table ""reviews"" -- none of which exist -- so vanguard selection failed on both backends.",,implemented-verified-e2e,"crates/app/tests/milestone_18p42_vanguard_roles.rs (41 tests, green on SQLite and PostgreSQL) :: all 41 tests, including a_bookmark_alone_qualifies_an_account, a_review_alone_qualifies_an_account, the_contribution_volume_method_runs_the_query",
M12-D00,,"Notifications inbox repository: 7 previously untested functions with 48 tests across notify/list/list_filtered/unread_count/unread_count_filtered/mark_read/mark_all_read. Pins the §46.7.1 content-filter invariant on the unread badge (the ""one-digit door""), the unfiltered/filtered asymmetry, and notify returning an id that resolves to no row when the event is disabled.",,implemented-verified-e2e,"crates/app/tests/milestone_12_notifications.rs (48 tests, green on SQLite and PostgreSQL) :: the_filtered_badge_never_counts_a_hidden_work, an_unset_channel_resolves_to_email, the_column_default_and_the_resolver_default_differ, a_disabled_event_returns_an_id_that_addresses_no_row, one_account_cannot_mark_another_accounts_entry_read, filtering_happens_before_the_limit, deleting_an_account_cascades_its_notifications",
M25-D00,,"Derivative pipeline repository: 9 previously untested functions with 39 tests across create/list/find/mark_built/mark_failed/attach_job/mark_stale/find_stale_for_verification/touch_verified. Fixed two production defects: create_derivative discarded its own insert error and returned an id for a row never written (the route then enqueued a build job naming it), and find_stale_for_verification used ORDER BY ... NULLS LAST, which PostgreSQL rejects without a sort direction, so the verification sweep errored on every call against PostgreSQL and the two arms ordered rows oppositely.",,implemented-verified-e2e,"crates/app/tests/milestone_25_derivative.rs (39 tests, green on SQLite and PostgreSQL) :: a_derivative_for_a_deleted_work_is_an_error_not_a_phantom_id, a_failed_create_leaves_no_row, never_verified_rows_sort_after_verified_ones_on_both_backends, the_sweep_only_considers_ready_derivatives, a_verified_row_drops_out_of_the_next_sweep, marking_an_already_stale_derivative_is_false, a_row_can_be_restaled_after_leaving_stale, deleting_a_work_cascades_its_derivatives, attaching_a_job_does_not_bump_the_version",
M45-D00,,"Roadmap consensus repository: 12 previously untested functions with 48 tests across upsert_card/find_card_by_title_normalized/list_cards/arena_candidates/create_ballot/fetch_ballot/mark_voted/apply_elo_and_counters/record_move/list_moves/insert_suggestion/update_card_stage. The module was non-functional on PostgreSQL, the production backend: four separate decode failures, each in a function the public roadmap board calls on every page view. (1) row_to_card_postgres read matches_played/times_best/times_worst as i32 while every PG branch of list_cards selects them as CAST(... AS BIGINT), so every card failed to decode. (2) list_cards read created_at/updated_at (TIMESTAMPTZ) as String in all four branches. (3) fetch_ballot read the JSONB columns card_ids and served_elo as String. (4) list_moves read moved_by (UUID) and created_at (TIMESTAMPTZ) as String. All four fixed by rendering the non-text types as text in the PG SELECTs and reading the counters as i64; the SQLite arm is unchanged. Two design gaps are documented rather than fixed: the ON CONFLICT ... WHERE guard freezes a shipped or rejected card's entire row rather than only its stage, and normalize_title deletes punctuation instead of replacing it with a space so ""Dark-Mode"" is a duplicate of ""DarkMode"" but not of ""Dark Mode"".",,implemented-verified-e2e,"crates/app/tests/milestone_45_roadmap.rs (48 tests, green on SQLite and PostgreSQL) :: a_filtered_list_matches_the_unfiltered_one, a_ballot_round_trips_its_cards_and_served_elo, a_ballot_with_no_cards_round_trips_as_empty, a_fractional_elo_survives_the_round_trip, a_move_is_recorded_and_lists_back, moves_are_listed_newest_first, moves_paginate_by_limit_and_offset, a_suggestion_can_attach_to_a_card, a_protected_cards_whole_row_is_frozen, a_title_is_found_despite_case_punctuation_and_spacing",Gaps recorded as M45-D01 (frozen row on shipped cards) and M45-D02 (normalize_title drops hyphens).
M18P59-D00,,"Flexible bounties repository: 4 previously untested functions with 31 tests across create_bounty_typed/contribute_to_bounty/fetch_bounty/list_flexible_bounties, behind the economy page bounty board. The contribution ledger was broken on both backends. record_contribution inserted into bounty_contributions without its id column, and the two backends disagree about what that means: PostgreSQL rejects it outright (id TEXT PRIMARY KEY is NOT NULL), so a crowdfunded bounty accumulated funded_amount with no audit row at all on the production backend; SQLite accepts it and stores id = NULL, so the ledger had rows whose primary key was NULL and therefore could not identify a contribution. The caller discarded the error with `let _ =`, so neither backend reported anything. Both arms now supply a minted id and the swallowed error is logged. Verified by reverting the fix: the ledger tests fail on both backends, and the SQLite case needed a COUNT(id) assertion because a row-exists check passes there.",,implemented-verified-e2e,"crates/app/tests/milestone_18p59_bounties.rs (31 tests, green on SQLite and PostgreSQL) :: every_contribution_row_has_a_non_null_primary_key, a_contribution_writes_an_audit_row_with_an_id, two_contributions_by_one_contributor_are_distinct_rows, each_contribution_is_a_separate_row, a_single_bounty_decodes_on_both_backends, the_list_widens_its_integers, a_contribution_after_activation_is_refused, a_fractional_threshold_activates_early, a_zero_threshold_does_not_activate_a_bounty, a_refused_contribution_changes_nothing, deleting_a_bounty_cascades_to_its_contributions","Gap recorded as M18P59-D01: contribute_to_bounty is not atomic across the funding update and the ledger write, so concurrent contributions can lose credits."
M19-D00,,"Instance taste settings: 4 previously untested functions (read/write/history/rollback) with 28 tests, behind the operator taste panel on /discovery. No production defect: the module already got the hard parts right -- every PostgreSQL SELECT renders UUID and TIMESTAMPTZ as text and widens INTEGER with ::bigint, the history insert and the settings upsert run in one transaction in that order because the settings row is a singleton and the history row is the only copy of the old values, the rows are sqlx::FromRow structs so a renamed column is a compile error, and the history is ordered by replaced_version rather than changed_at because now_rfc3339() has second precision. The tests pin those properties so none of them can be quietly undone, plus the version chain, the singleton invariant, the rollback-as-write semantics, and rolling back past version 1 landing on the config values rather than a hole. Its four pre-existing unit tests only covered the private row mappers, so nothing had ever reached the database.",,implemented-verified-e2e,"crates/app/tests/milestone_19_instance_taste.rs (28 tests, green on SQLite and PostgreSQL) :: the_settings_row_is_a_singleton, every_write_appends_one_history_row, the_first_history_row_records_the_config_not_a_version, a_later_history_row_records_the_state_it_replaced, the_history_is_newest_first, two_writes_in_the_same_second_still_order_correctly, each_history_entry_has_an_id_and_an_author, the_history_limit_takes_the_newest_entries, a_negative_history_limit_behaves_the_same_on_both_backends, a_rollback_restores_the_recorded_state, a_rollback_bumps_the_version, two_rollbacks_walk_backwards, rolling_back_past_the_first_version_lands_on_the_config, a_rollback_is_itself_recorded, rolling_back_to_an_unknown_entry_is_refused, the_author_uuid_reads_as_text_on_both_backends","Gap recorded as M19-D02: the history ORDER BY breaks version ties with rowid DESC on SQLite and history_id DESC on PostgreSQL, which is unreachable for any state the code can produce."
M09.fewer_than_three_ratings_publishes_nothing,db/rating_integrity,fewer than three ratings publishes nothing,M09,implemented-fully-tested,crates/app/tests/milestone_09_rating_integrity.rs::fewer_than_three_ratings_publishes_nothing - passes on SQLite and PostgreSQL (41/41 each),Suite is dual-backend from the start. Reverting the fixes fails 5 of these on PG. Also found M09-D01 (no production callers) and M09-D02 (a second clear overwrites the first triage) in docs/known-gaps.md.
M09.one_rating_publishes_nothing,db/rating_integrity,one rating publishes nothing,M09,implemented-fully-tested,crates/app/tests/milestone_09_rating_integrity.rs::one_rating_publishes_nothing - passes on SQLite and PostgreSQL (41/41 each),Suite is dual-backend from the start. Reverting the fixes fails 5 of these on PG. Also found M09-D01 (no production callers) and M09-D02 (a second clear overwrites the first triage) in docs/known-gaps.md.
M09.two_ratings_publishes_nothing,db/rating_integrity,two ratings publishes nothing,M09,implemented-fully-tested,crates/app/tests/milestone_09_rating_integrity.rs::two_ratings_publishes_nothing - passes on SQLite and PostgreSQL (41/41 each),Suite is dual-backend from the start. Reverting the fixes fails 5 of these on PG. Also found M09-D01 (no production callers) and M09-D02 (a second clear overwrites the first triage) in docs/known-gaps.md.
M09.three_ratings_publishes_a_summary,db/rating_integrity,three ratings publishes a summary,M09,implemented-fully-tested,crates/app/tests/milestone_09_rating_integrity.rs::three_ratings_publishes_a_summary - passes on SQLite and PostgreSQL (41/41 each),Suite is dual-backend from the start. Reverting the fixes fails 5 of these on PG. Also found M09-D01 (no production callers) and M09-D02 (a second clear overwrites the first triage) in docs/known-gaps.md.
M09.a_private_rating_does_not_count,db/rating_integrity,a private rating does not count,M09,implemented-fully-tested,crates/app/tests/milestone_09_rating_integrity.rs::a_private_rating_does_not_count - passes on SQLite and PostgreSQL (41/41 each),Suite is dual-backend from the start. Reverting the fixes fails 5 of these on PG. Also found M09-D01 (no production callers) and M09-D02 (a second clear overwrites the first triage) in docs/known-gaps.md.
M09.a_deleted_rating_does_not_count,db/rating_integrity,a deleted rating does not count,M09,implemented-fully-tested,crates/app/tests/milestone_09_rating_integrity.rs::a_deleted_rating_does_not_count - passes on SQLite and PostgreSQL (41/41 each),Suite is dual-backend from the start. Reverting the fixes fails 5 of these on PG. Also found M09-D01 (no production callers) and M09-D02 (a second clear overwrites the first triage) in docs/known-gaps.md.
M09.another_works_ratings_do_not_count,db/rating_integrity,another works ratings do not count,M09,implemented-fully-tested,crates/app/tests/milestone_09_rating_integrity.rs::another_works_ratings_do_not_count - passes on SQLite and PostgreSQL (41/41 each),Suite is dual-backend from the start. Reverting the fixes fails 5 of these on PG. Also found M09-D01 (no production callers) and M09-D02 (a second clear overwrites the first triage) in docs/known-gaps.md.
M09.an_unrated_work_has_no_summary,db/rating_integrity,an unrated work has no summary,M09,implemented-fully-tested,crates/app/tests/milestone_09_rating_integrity.rs::an_unrated_work_has_no_summary - passes on SQLite and PostgreSQL (41/41 each),Suite is dual-backend from the start. Reverting the fixes fails 5 of these on PG. Also found M09-D01 (no production callers) and M09-D02 (a second clear overwrites the first triage) in docs/known-gaps.md.
M09.an_unknown_work_has_no_summary,db/rating_integrity,an unknown work has no summary,M09,implemented-fully-tested,crates/app/tests/milestone_09_rating_integrity.rs::an_unknown_work_has_no_summary - passes on SQLite and PostgreSQL (41/41 each),Suite is dual-backend from the start. Reverting the fixes fails 5 of these on PG. Also found M09-D01 (no production callers) and M09-D02 (a second clear overwrites the first triage) in docs/known-gaps.md.
M09.equal_ratings_give_the_exact_mean,db/rating_integrity,equal ratings give the exact mean,M09,implemented-fully-tested,crates/app/tests/milestone_09_rating_integrity.rs::equal_ratings_give_the_exact_mean - passes on SQLite and PostgreSQL (41/41 each),Suite is dual-backend from the start. Reverting the fixes fails 5 of these on PG. Also found M09-D01 (no production callers) and M09-D02 (a second clear overwrites the first triage) in docs/known-gaps.md.
M09.trust_weighting_shifts_the_aggregate,db/rating_integrity,trust weighting shifts the aggregate,M09,implemented-fully-tested,crates/app/tests/milestone_09_rating_integrity.rs::trust_weighting_shifts_the_aggregate - passes on SQLite and PostgreSQL (41/41 each),Suite is dual-backend from the start. Reverting the fixes fails 5 of these on PG. Also found M09-D01 (no production callers) and M09-D02 (a second clear overwrites the first triage) in docs/known-gaps.md.
M09.uniform_trust_reduces_to_the_plain_mean,db/rating_integrity,uniform trust reduces to the plain mean,M09,implemented-fully-tested,crates/app/tests/milestone_09_rating_integrity.rs::uniform_trust_reduces_to_the_plain_mean - passes on SQLite and PostgreSQL (41/41 each),Suite is dual-backend from the start. Reverting the fixes fails 5 of these on PG. Also found M09-D01 (no production callers) and M09-D02 (a second clear overwrites the first triage) in docs/known-gaps.md.
M09.a_rater_with_no_trust_level_counts_as_weight_one,db/rating_integrity,a rater with no trust level counts as weight one,M09,implemented-fully-tested,crates/app/tests/milestone_09_rating_integrity.rs::a_rater_with_no_trust_level_counts_as_weight_one - passes on SQLite and PostgreSQL (41/41 each),Suite is dual-backend from the start. Reverting the fixes fails 5 of these on PG. Also found M09-D01 (no production callers) and M09-D02 (a second clear overwrites the first triage) in docs/known-gaps.md.
M09.a_zero_trust_level_zeroes_that_raters_weight,db/rating_integrity,a zero trust level zeroes that raters weight,M09,implemented-fully-tested,crates/app/tests/milestone_09_rating_integrity.rs::a_zero_trust_level_zeroes_that_raters_weight - passes on SQLite and PostgreSQL (41/41 each),Suite is dual-backend from the start. Reverting the fixes fails 5 of these on PG. Also found M09-D01 (no production callers) and M09-D02 (a second clear overwrites the first triage) in docs/known-gaps.md.
M09.the_permille_mean_truncates_rather_than_rounds,db/rating_integrity,the permille mean truncates rather than rounds,M09,implemented-fully-tested,crates/app/tests/milestone_09_rating_integrity.rs::the_permille_mean_truncates_rather_than_rounds - passes on SQLite and PostgreSQL (41/41 each),Suite is dual-backend from the start. Reverting the fixes fails 5 of these on PG. Also found M09-D01 (no production callers) and M09-D02 (a second clear overwrites the first triage) in docs/known-gaps.md.
M09.ratings_beyond_the_threshold_still_aggregate,db/rating_integrity,ratings beyond the threshold still aggregate,M09,implemented-fully-tested,crates/app/tests/milestone_09_rating_integrity.rs::ratings_beyond_the_threshold_still_aggregate - passes on SQLite and PostgreSQL (41/41 each),Suite is dual-backend from the start. Reverting the fixes fails 5 of these on PG. Also found M09-D01 (no production callers) and M09-D02 (a second clear overwrites the first triage) in docs/known-gaps.md.
M09.an_event_round_trips,db/rating_integrity,an event round trips,M09,implemented-fully-tested,crates/app/tests/milestone_09_rating_integrity.rs::an_event_round_trips - passes on SQLite and PostgreSQL (41/41 each),Suite is dual-backend from the start. Reverting the fixes fails 5 of these on PG. Also found M09-D01 (no production callers) and M09-D02 (a second clear overwrites the first triage) in docs/known-gaps.md.
M09.every_allowed_kind_is_accepted,db/rating_integrity,every allowed kind is accepted,M09,implemented-fully-tested,crates/app/tests/milestone_09_rating_integrity.rs::every_allowed_kind_is_accepted - passes on SQLite and PostgreSQL (41/41 each),Suite is dual-backend from the start. Reverting the fixes fails 5 of these on PG. Also found M09-D01 (no production callers) and M09-D02 (a second clear overwrites the first triage) in docs/known-gaps.md.
M09.a_kind_outside_the_check_constraint_is_refused,db/rating_integrity,a kind outside the check constraint is refused,M09,implemented-fully-tested,crates/app/tests/milestone_09_rating_integrity.rs::a_kind_outside_the_check_constraint_is_refused - passes on SQLite and PostgreSQL (41/41 each),Suite is dual-backend from the start. Reverting the fixes fails 5 of these on PG. Also found M09-D01 (no production callers) and M09-D02 (a second clear overwrites the first triage) in docs/known-gaps.md.
M09.a_cohort_id_round_trips,db/rating_integrity,a cohort id round trips,M09,implemented-fully-tested,crates/app/tests/milestone_09_rating_integrity.rs::a_cohort_id_round_trips - passes on SQLite and PostgreSQL (41/41 each),Suite is dual-backend from the start. Reverting the fixes fails 5 of these on PG. Also found M09-D01 (no production callers) and M09-D02 (a second clear overwrites the first triage) in docs/known-gaps.md.
M09.severity_round_trips,db/rating_integrity,severity round trips,M09,implemented-fully-tested,crates/app/tests/milestone_09_rating_integrity.rs::severity_round_trips - passes on SQLite and PostgreSQL (41/41 each),Suite is dual-backend from the start. Reverting the fixes fails 5 of these on PG. Also found M09-D01 (no production callers) and M09-D02 (a second clear overwrites the first triage) in docs/known-gaps.md.
M09.a_malformed_work_id_is_refused_on_both_backends,db/rating_integrity,a malformed work id is refused on both backends,M09,implemented-fully-tested,crates/app/tests/milestone_09_rating_integrity.rs::a_malformed_work_id_is_refused_on_both_backends - passes on SQLite and PostgreSQL (41/41 each),Suite is dual-backend from the start. Reverting the fixes fails 5 of these on PG. Also found M09-D01 (no production callers) and M09-D02 (a second clear overwrites the first triage) in docs/known-gaps.md.
M09.an_event_for_an_unknown_work_is_refused,db/rating_integrity,an event for an unknown work is refused,M09,implemented-fully-tested,crates/app/tests/milestone_09_rating_integrity.rs::an_event_for_an_unknown_work_is_refused - passes on SQLite and PostgreSQL (41/41 each),Suite is dual-backend from the start. Reverting the fixes fails 5 of these on PG. Also found M09-D01 (no production callers) and M09-D02 (a second clear overwrites the first triage) in docs/known-gaps.md.
M09.an_event_can_be_inserted_already_cleared,db/rating_integrity,an event can be inserted already cleared,M09,implemented-fully-tested,crates/app/tests/milestone_09_rating_integrity.rs::an_event_can_be_inserted_already_cleared - passes on SQLite and PostgreSQL (41/41 each),Suite is dual-backend from the start. Reverting the fixes fails 5 of these on PG. Also found M09-D01 (no production callers) and M09-D02 (a second clear overwrites the first triage) in docs/known-gaps.md.
M09.clearing_an_event_removes_it_from_the_outstanding_list,db/rating_integrity,clearing an event removes it from the outstanding list,M09,implemented-fully-tested,crates/app/tests/milestone_09_rating_integrity.rs::clearing_an_event_removes_it_from_the_outstanding_list - passes on SQLite and PostgreSQL (41/41 each),Suite is dual-backend from the start. Reverting the fixes fails 5 of these on PG. Also found M09-D01 (no production callers) and M09-D02 (a second clear overwrites the first triage) in docs/known-gaps.md.
M09.a_cleared_event_is_kept_not_deleted,db/rating_integrity,a cleared event is kept not deleted,M09,implemented-fully-tested,crates/app/tests/milestone_09_rating_integrity.rs::a_cleared_event_is_kept_not_deleted - passes on SQLite and PostgreSQL (41/41 each),Suite is dual-backend from the start. Reverting the fixes fails 5 of these on PG. Also found M09-D01 (no production callers) and M09-D02 (a second clear overwrites the first triage) in docs/known-gaps.md.
M09.clearing_an_unknown_event_is_a_no_op,db/rating_integrity,clearing an unknown event is a no op,M09,implemented-fully-tested,crates/app/tests/milestone_09_rating_integrity.rs::clearing_an_unknown_event_is_a_no_op - passes on SQLite and PostgreSQL (41/41 each),Suite is dual-backend from the start. Reverting the fixes fails 5 of these on PG. Also found M09-D01 (no production callers) and M09-D02 (a second clear overwrites the first triage) in docs/known-gaps.md.
M09.clearing_twice_overwrites_the_first_clear,db/rating_integrity,clearing twice overwrites the first clear,M09,implemented-fully-tested,crates/app/tests/milestone_09_rating_integrity.rs::clearing_twice_overwrites_the_first_clear - passes on SQLite and PostgreSQL (41/41 each),Suite is dual-backend from the start. Reverting the fixes fails 5 of these on PG. Also found M09-D01 (no production callers) and M09-D02 (a second clear overwrites the first triage) in docs/known-gaps.md.
M09.only_uncleared_events_are_listed_newest_first,db/rating_integrity,only uncleared events are listed newest first,M09,implemented-fully-tested,crates/app/tests/milestone_09_rating_integrity.rs::only_uncleared_events_are_listed_newest_first - passes on SQLite and PostgreSQL (41/41 each),Suite is dual-backend from the start. Reverting the fixes fails 5 of these on PG. Also found M09-D01 (no production callers) and M09-D02 (a second clear overwrites the first triage) in docs/known-gaps.md.
M09.a_work_with_no_events_lists_empty,db/rating_integrity,a work with no events lists empty,M09,implemented-fully-tested,crates/app/tests/milestone_09_rating_integrity.rs::a_work_with_no_events_lists_empty - passes on SQLite and PostgreSQL (41/41 each),Suite is dual-backend from the start. Reverting the fixes fails 5 of these on PG. Also found M09-D01 (no production callers) and M09-D02 (a second clear overwrites the first triage) in docs/known-gaps.md.
M09.events_are_scoped_to_their_work,db/rating_integrity,events are scoped to their work,M09,implemented-fully-tested,crates/app/tests/milestone_09_rating_integrity.rs::events_are_scoped_to_their_work - passes on SQLite and PostgreSQL (41/41 each),Suite is dual-backend from the start. Reverting the fixes fails 5 of these on PG. Also found M09-D01 (no production callers) and M09-D02 (a second clear overwrites the first triage) in docs/known-gaps.md.
M09.deleting_a_work_cascades_to_its_events,db/rating_integrity,deleting a work cascades to its events,M09,implemented-fully-tested,crates/app/tests/milestone_09_rating_integrity.rs::deleting_a_work_cascades_to_its_events - passes on SQLite and PostgreSQL (41/41 each),Suite is dual-backend from the start. Reverting the fixes fails 5 of these on PG. Also found M09-D01 (no production callers) and M09-D02 (a second clear overwrites the first triage) in docs/known-gaps.md.
M09.deleting_the_clearer_keeps_the_event,db/rating_integrity,deleting the clearer keeps the event,M09,implemented-fully-tested,crates/app/tests/milestone_09_rating_integrity.rs::deleting_the_clearer_keeps_the_event - passes on SQLite and PostgreSQL (41/41 each),Suite is dual-backend from the start. Reverting the fixes fails 5 of these on PG. Also found M09-D01 (no production callers) and M09-D02 (a second clear overwrites the first triage) in docs/known-gaps.md.
M09.a_new_work_is_not_contested,db/rating_integrity,a new work is not contested,M09,implemented-fully-tested,crates/app/tests/milestone_09_rating_integrity.rs::a_new_work_is_not_contested - passes on SQLite and PostgreSQL (41/41 each),Suite is dual-backend from the start. Reverting the fixes fails 5 of these on PG. Also found M09-D01 (no production callers) and M09-D02 (a second clear overwrites the first triage) in docs/known-gaps.md.
M09.setting_the_flag_marks_the_work_contested,db/rating_integrity,setting the flag marks the work contested,M09,implemented-fully-tested,crates/app/tests/milestone_09_rating_integrity.rs::setting_the_flag_marks_the_work_contested - passes on SQLite and PostgreSQL (41/41 each),Suite is dual-backend from the start. Reverting the fixes fails 5 of these on PG. Also found M09-D01 (no production callers) and M09-D02 (a second clear overwrites the first triage) in docs/known-gaps.md.
M09.clearing_the_flag_clears_the_reason,db/rating_integrity,clearing the flag clears the reason,M09,implemented-fully-tested,crates/app/tests/milestone_09_rating_integrity.rs::clearing_the_flag_clears_the_reason - passes on SQLite and PostgreSQL (41/41 each),Suite is dual-backend from the start. Reverting the fixes fails 5 of these on PG. Also found M09-D01 (no production callers) and M09-D02 (a second clear overwrites the first triage) in docs/known-gaps.md.
M09.an_empty_reason_is_stored_verbatim,db/rating_integrity,an empty reason is stored verbatim,M09,implemented-fully-tested,crates/app/tests/milestone_09_rating_integrity.rs::an_empty_reason_is_stored_verbatim - passes on SQLite and PostgreSQL (41/41 each),Suite is dual-backend from the start. Reverting the fixes fails 5 of these on PG. Also found M09-D01 (no production callers) and M09-D02 (a second clear overwrites the first triage) in docs/known-gaps.md.
M09.setting_twice_keeps_the_latest_reason,db/rating_integrity,setting twice keeps the latest reason,M09,implemented-fully-tested,crates/app/tests/milestone_09_rating_integrity.rs::setting_twice_keeps_the_latest_reason - passes on SQLite and PostgreSQL (41/41 each),Suite is dual-backend from the start. Reverting the fixes fails 5 of these on PG. Also found M09-D01 (no production callers) and M09-D02 (a second clear overwrites the first triage) in docs/known-gaps.md.
M09.an_unknown_work_is_not_contested,db/rating_integrity,an unknown work is not contested,M09,implemented-fully-tested,crates/app/tests/milestone_09_rating_integrity.rs::an_unknown_work_is_not_contested - passes on SQLite and PostgreSQL (41/41 each),Suite is dual-backend from the start. Reverting the fixes fails 5 of these on PG. Also found M09-D01 (no production callers) and M09-D02 (a second clear overwrites the first triage) in docs/known-gaps.md.
M09.the_flag_is_per_work,db/rating_integrity,the flag is per work,M09,implemented-fully-tested,crates/app/tests/milestone_09_rating_integrity.rs::the_flag_is_per_work - passes on SQLite and PostgreSQL (41/41 each),Suite is dual-backend from the start. Reverting the fixes fails 5 of these on PG. Also found M09-D01 (no production callers) and M09-D02 (a second clear overwrites the first triage) in docs/known-gaps.md.
M09.a_full_triage_round_trip,db/rating_integrity,a full triage round trip,M09,implemented-fully-tested,crates/app/tests/milestone_09_rating_integrity.rs::a_full_triage_round_trip - passes on SQLite and PostgreSQL (41/41 each),Suite is dual-backend from the start. Reverting the fixes fails 5 of these on PG. Also found M09-D01 (no production callers) and M09-D02 (a second clear overwrites the first triage) in docs/known-gaps.md.
M10.registering_a_key_records_it_unretired,db/secrets,registering a key records it unretired,M10,implemented-fully-tested,crates/app/tests/milestone_10_secrets.rs::registering_a_key_records_it_unretired - passes on SQLite and PostgreSQL (31/31 each),"Module had zero tests of any kind. No production defect found: unlike rating_integrity, migrations/0005 stores timestamps as RFC 3339 TEXT on both engines (ADR 0004), so there is no native-type decode to get wrong. Suite pins the semantics imports.rs depends on -- stable id across a replacement, version increment, unregistered key refused by FK, retiring a key leaves its secrets readable. Recorded M10-D01: a second retire_encryption_key re-stamps retired_at (no AND retired_at IS NULL)."
M10.registering_a_key_twice_changes_nothing,db/secrets,registering a key twice changes nothing,M10,implemented-fully-tested,crates/app/tests/milestone_10_secrets.rs::registering_a_key_twice_changes_nothing - passes on SQLite and PostgreSQL (31/31 each),"Module had zero tests of any kind. No production defect found: unlike rating_integrity, migrations/0005 stores timestamps as RFC 3339 TEXT on both engines (ADR 0004), so there is no native-type decode to get wrong. Suite pins the semantics imports.rs depends on -- stable id across a replacement, version increment, unregistered key refused by FK, retiring a key leaves its secrets readable. Recorded M10-D01: a second retire_encryption_key re-stamps retired_at (no AND retired_at IS NULL)."
M10.registering_a_retired_key_does_not_unretire_it,db/secrets,registering a retired key does not unretire it,M10,implemented-fully-tested,crates/app/tests/milestone_10_secrets.rs::registering_a_retired_key_does_not_unretire_it - passes on SQLite and PostgreSQL (31/31 each),"Module had zero tests of any kind. No production defect found: unlike rating_integrity, migrations/0005 stores timestamps as RFC 3339 TEXT on both engines (ADR 0004), so there is no native-type decode to get wrong. Suite pins the semantics imports.rs depends on -- stable id across a replacement, version increment, unregistered key refused by FK, retiring a key leaves its secrets readable. Recorded M10-D01: a second retire_encryption_key re-stamps retired_at (no AND retired_at IS NULL)."
M10.distinct_keys_are_distinct_rows,db/secrets,distinct keys are distinct rows,M10,implemented-fully-tested,crates/app/tests/milestone_10_secrets.rs::distinct_keys_are_distinct_rows - passes on SQLite and PostgreSQL (31/31 each),"Module had zero tests of any kind. No production defect found: unlike rating_integrity, migrations/0005 stores timestamps as RFC 3339 TEXT on both engines (ADR 0004), so there is no native-type decode to get wrong. Suite pins the semantics imports.rs depends on -- stable id across a replacement, version increment, unregistered key refused by FK, retiring a key leaves its secrets readable. Recorded M10-D01: a second retire_encryption_key re-stamps retired_at (no AND retired_at IS NULL)."
M10.retiring_a_key_stamps_it_and_keeps_the_row,db/secrets,retiring a key stamps it and keeps the row,M10,implemented-fully-tested,crates/app/tests/milestone_10_secrets.rs::retiring_a_key_stamps_it_and_keeps_the_row - passes on SQLite and PostgreSQL (31/31 each),"Module had zero tests of any kind. No production defect found: unlike rating_integrity, migrations/0005 stores timestamps as RFC 3339 TEXT on both engines (ADR 0004), so there is no native-type decode to get wrong. Suite pins the semantics imports.rs depends on -- stable id across a replacement, version increment, unregistered key refused by FK, retiring a key leaves its secrets readable. Recorded M10-D01: a second retire_encryption_key re-stamps retired_at (no AND retired_at IS NULL)."
M10.retiring_a_key_leaves_its_secrets_readable,db/secrets,retiring a key leaves its secrets readable,M10,implemented-fully-tested,crates/app/tests/milestone_10_secrets.rs::retiring_a_key_leaves_its_secrets_readable - passes on SQLite and PostgreSQL (31/31 each),"Module had zero tests of any kind. No production defect found: unlike rating_integrity, migrations/0005 stores timestamps as RFC 3339 TEXT on both engines (ADR 0004), so there is no native-type decode to get wrong. Suite pins the semantics imports.rs depends on -- stable id across a replacement, version increment, unregistered key refused by FK, retiring a key leaves its secrets readable. Recorded M10-D01: a second retire_encryption_key re-stamps retired_at (no AND retired_at IS NULL)."
M10.retiring_an_unknown_key_is_a_no_op,db/secrets,retiring an unknown key is a no op,M10,implemented-fully-tested,crates/app/tests/milestone_10_secrets.rs::retiring_an_unknown_key_is_a_no_op - passes on SQLite and PostgreSQL (31/31 each),"Module had zero tests of any kind. No production defect found: unlike rating_integrity, migrations/0005 stores timestamps as RFC 3339 TEXT on both engines (ADR 0004), so there is no native-type decode to get wrong. Suite pins the semantics imports.rs depends on -- stable id across a replacement, version increment, unregistered key refused by FK, retiring a key leaves its secrets readable. Recorded M10-D01: a second retire_encryption_key re-stamps retired_at (no AND retired_at IS NULL)."
M10.retiring_twice_re_stamps_the_key,db/secrets,retiring twice re stamps the key,M10,implemented-fully-tested,crates/app/tests/milestone_10_secrets.rs::retiring_twice_re_stamps_the_key - passes on SQLite and PostgreSQL (31/31 each),"Module had zero tests of any kind. No production defect found: unlike rating_integrity, migrations/0005 stores timestamps as RFC 3339 TEXT on both engines (ADR 0004), so there is no native-type decode to get wrong. Suite pins the semantics imports.rs depends on -- stable id across a replacement, version increment, unregistered key refused by FK, retiring a key leaves its secrets readable. Recorded M10-D01: a second retire_encryption_key re-stamps retired_at (no AND retired_at IS NULL)."
M10.writing_a_secret_stores_it,db/secrets,writing a secret stores it,M10,implemented-fully-tested,crates/app/tests/milestone_10_secrets.rs::writing_a_secret_stores_it - passes on SQLite and PostgreSQL (31/31 each),"Module had zero tests of any kind. No production defect found: unlike rating_integrity, migrations/0005 stores timestamps as RFC 3339 TEXT on both engines (ADR 0004), so there is no native-type decode to get wrong. Suite pins the semantics imports.rs depends on -- stable id across a replacement, version increment, unregistered key refused by FK, retiring a key leaves its secrets readable. Recorded M10-D01: a second retire_encryption_key re-stamps retired_at (no AND retired_at IS NULL)."
M10.the_same_name_under_a_different_owner_is_a_different_secret,db/secrets,the same name under a different owner is a different secret,M10,implemented-fully-tested,crates/app/tests/milestone_10_secrets.rs::the_same_name_under_a_different_owner_is_a_different_secret - passes on SQLite and PostgreSQL (31/31 each),"Module had zero tests of any kind. No production defect found: unlike rating_integrity, migrations/0005 stores timestamps as RFC 3339 TEXT on both engines (ADR 0004), so there is no native-type decode to get wrong. Suite pins the semantics imports.rs depends on -- stable id across a replacement, version increment, unregistered key refused by FK, retiring a key leaves its secrets readable. Recorded M10-D01: a second retire_encryption_key re-stamps retired_at (no AND retired_at IS NULL)."
M10.a_different_owner_type_is_a_different_secret,db/secrets,a different owner type is a different secret,M10,implemented-fully-tested,crates/app/tests/milestone_10_secrets.rs::a_different_owner_type_is_a_different_secret - passes on SQLite and PostgreSQL (31/31 each),"Module had zero tests of any kind. No production defect found: unlike rating_integrity, migrations/0005 stores timestamps as RFC 3339 TEXT on both engines (ADR 0004), so there is no native-type decode to get wrong. Suite pins the semantics imports.rs depends on -- stable id across a replacement, version increment, unregistered key refused by FK, retiring a key leaves its secrets readable. Recorded M10-D01: a second retire_encryption_key re-stamps retired_at (no AND retired_at IS NULL)."
M10.a_replacement_keeps_the_id_and_bumps_the_version,db/secrets,a replacement keeps the id and bumps the version,M10,implemented-fully-tested,crates/app/tests/milestone_10_secrets.rs::a_replacement_keeps_the_id_and_bumps_the_version - passes on SQLite and PostgreSQL (31/31 each),"Module had zero tests of any kind. No production defect found: unlike rating_integrity, migrations/0005 stores timestamps as RFC 3339 TEXT on both engines (ADR 0004), so there is no native-type decode to get wrong. Suite pins the semantics imports.rs depends on -- stable id across a replacement, version increment, unregistered key refused by FK, retiring a key leaves its secrets readable. Recorded M10-D01: a second retire_encryption_key re-stamps retired_at (no AND retired_at IS NULL)."
M10.the_version_climbs_across_repeated_rewrites,db/secrets,the version climbs across repeated rewrites,M10,implemented-fully-tested,crates/app/tests/milestone_10_secrets.rs::the_version_climbs_across_repeated_rewrites - passes on SQLite and PostgreSQL (31/31 each),"Module had zero tests of any kind. No production defect found: unlike rating_integrity, migrations/0005 stores timestamps as RFC 3339 TEXT on both engines (ADR 0004), so there is no native-type decode to get wrong. Suite pins the semantics imports.rs depends on -- stable id across a replacement, version increment, unregistered key refused by FK, retiring a key leaves its secrets readable. Recorded M10-D01: a second retire_encryption_key re-stamps retired_at (no AND retired_at IS NULL)."
M10.a_replacement_can_change_the_key,db/secrets,a replacement can change the key,M10,implemented-fully-tested,crates/app/tests/milestone_10_secrets.rs::a_replacement_can_change_the_key - passes on SQLite and PostgreSQL (31/31 each),"Module had zero tests of any kind. No production defect found: unlike rating_integrity, migrations/0005 stores timestamps as RFC 3339 TEXT on both engines (ADR 0004), so there is no native-type decode to get wrong. Suite pins the semantics imports.rs depends on -- stable id across a replacement, version increment, unregistered key refused by FK, retiring a key leaves its secrets readable. Recorded M10-D01: a second retire_encryption_key re-stamps retired_at (no AND retired_at IS NULL)."
M10.writing_with_an_unregistered_key_is_refused,db/secrets,writing with an unregistered key is refused,M10,implemented-fully-tested,crates/app/tests/milestone_10_secrets.rs::writing_with_an_unregistered_key_is_refused - passes on SQLite and PostgreSQL (31/31 each),"Module had zero tests of any kind. No production defect found: unlike rating_integrity, migrations/0005 stores timestamps as RFC 3339 TEXT on both engines (ADR 0004), so there is no native-type decode to get wrong. Suite pins the semantics imports.rs depends on -- stable id across a replacement, version increment, unregistered key refused by FK, retiring a key leaves its secrets readable. Recorded M10-D01: a second retire_encryption_key re-stamps retired_at (no AND retired_at IS NULL)."
M10.two_names_coexist_under_one_owner,db/secrets,two names coexist under one owner,M10,implemented-fully-tested,crates/app/tests/milestone_10_secrets.rs::two_names_coexist_under_one_owner - passes on SQLite and PostgreSQL (31/31 each),"Module had zero tests of any kind. No production defect found: unlike rating_integrity, migrations/0005 stores timestamps as RFC 3339 TEXT on both engines (ADR 0004), so there is no native-type decode to get wrong. Suite pins the semantics imports.rs depends on -- stable id across a replacement, version increment, unregistered key refused by FK, retiring a key leaves its secrets readable. Recorded M10-D01: a second retire_encryption_key re-stamps retired_at (no AND retired_at IS NULL)."
M10.the_returned_id_names_a_row_that_can_be_fetched,db/secrets,the returned id names a row that can be fetched,M10,implemented-fully-tested,crates/app/tests/milestone_10_secrets.rs::the_returned_id_names_a_row_that_can_be_fetched - passes on SQLite and PostgreSQL (31/31 each),"Module had zero tests of any kind. No production defect found: unlike rating_integrity, migrations/0005 stores timestamps as RFC 3339 TEXT on both engines (ADR 0004), so there is no native-type decode to get wrong. Suite pins the semantics imports.rs depends on -- stable id across a replacement, version increment, unregistered key refused by FK, retiring a key leaves its secrets readable. Recorded M10-D01: a second retire_encryption_key re-stamps retired_at (no AND retired_at IS NULL)."
M10.an_empty_ciphertext_is_stored_verbatim,db/secrets,an empty ciphertext is stored verbatim,M10,implemented-fully-tested,crates/app/tests/milestone_10_secrets.rs::an_empty_ciphertext_is_stored_verbatim - passes on SQLite and PostgreSQL (31/31 each),"Module had zero tests of any kind. No production defect found: unlike rating_integrity, migrations/0005 stores timestamps as RFC 3339 TEXT on both engines (ADR 0004), so there is no native-type decode to get wrong. Suite pins the semantics imports.rs depends on -- stable id across a replacement, version increment, unregistered key refused by FK, retiring a key leaves its secrets readable. Recorded M10-D01: a second retire_encryption_key re-stamps retired_at (no AND retired_at IS NULL)."
M10.reading_an_absent_secret_is_none,db/secrets,reading an absent secret is none,M10,implemented-fully-tested,crates/app/tests/milestone_10_secrets.rs::reading_an_absent_secret_is_none - passes on SQLite and PostgreSQL (31/31 each),"Module had zero tests of any kind. No production defect found: unlike rating_integrity, migrations/0005 stores timestamps as RFC 3339 TEXT on both engines (ADR 0004), so there is no native-type decode to get wrong. Suite pins the semantics imports.rs depends on -- stable id across a replacement, version increment, unregistered key refused by FK, retiring a key leaves its secrets readable. Recorded M10-D01: a second retire_encryption_key re-stamps retired_at (no AND retired_at IS NULL)."
M10.the_lookup_requires_the_whole_triple,db/secrets,the lookup requires the whole triple,M10,implemented-fully-tested,crates/app/tests/milestone_10_secrets.rs::the_lookup_requires_the_whole_triple - passes on SQLite and PostgreSQL (31/31 each),"Module had zero tests of any kind. No production defect found: unlike rating_integrity, migrations/0005 stores timestamps as RFC 3339 TEXT on both engines (ADR 0004), so there is no native-type decode to get wrong. Suite pins the semantics imports.rs depends on -- stable id across a replacement, version increment, unregistered key refused by FK, retiring a key leaves its secrets readable. Recorded M10-D01: a second retire_encryption_key re-stamps retired_at (no AND retired_at IS NULL)."
M10.a_read_does_not_bump_the_version,db/secrets,a read does not bump the version,M10,implemented-fully-tested,crates/app/tests/milestone_10_secrets.rs::a_read_does_not_bump_the_version - passes on SQLite and PostgreSQL (31/31 each),"Module had zero tests of any kind. No production defect found: unlike rating_integrity, migrations/0005 stores timestamps as RFC 3339 TEXT on both engines (ADR 0004), so there is no native-type decode to get wrong. Suite pins the semantics imports.rs depends on -- stable id across a replacement, version increment, unregistered key refused by FK, retiring a key leaves its secrets readable. Recorded M10-D01: a second retire_encryption_key re-stamps retired_at (no AND retired_at IS NULL)."
M10.fetching_by_id_matches_the_triple_lookup,db/secrets,fetching by id matches the triple lookup,M10,implemented-fully-tested,crates/app/tests/milestone_10_secrets.rs::fetching_by_id_matches_the_triple_lookup - passes on SQLite and PostgreSQL (31/31 each),"Module had zero tests of any kind. No production defect found: unlike rating_integrity, migrations/0005 stores timestamps as RFC 3339 TEXT on both engines (ADR 0004), so there is no native-type decode to get wrong. Suite pins the semantics imports.rs depends on -- stable id across a replacement, version increment, unregistered key refused by FK, retiring a key leaves its secrets readable. Recorded M10-D01: a second retire_encryption_key re-stamps retired_at (no AND retired_at IS NULL)."
M10.fetching_an_unknown_id_is_none,db/secrets,fetching an unknown id is none,M10,implemented-fully-tested,crates/app/tests/milestone_10_secrets.rs::fetching_an_unknown_id_is_none - passes on SQLite and PostgreSQL (31/31 each),"Module had zero tests of any kind. No production defect found: unlike rating_integrity, migrations/0005 stores timestamps as RFC 3339 TEXT on both engines (ADR 0004), so there is no native-type decode to get wrong. Suite pins the semantics imports.rs depends on -- stable id across a replacement, version increment, unregistered key refused by FK, retiring a key leaves its secrets readable. Recorded M10-D01: a second retire_encryption_key re-stamps retired_at (no AND retired_at IS NULL)."
M10.a_malformed_id_is_none_rather_than_an_error,db/secrets,a malformed id is none rather than an error,M10,implemented-fully-tested,crates/app/tests/milestone_10_secrets.rs::a_malformed_id_is_none_rather_than_an_error - passes on SQLite and PostgreSQL (31/31 each),"Module had zero tests of any kind. No production defect found: unlike rating_integrity, migrations/0005 stores timestamps as RFC 3339 TEXT on both engines (ADR 0004), so there is no native-type decode to get wrong. Suite pins the semantics imports.rs depends on -- stable id across a replacement, version increment, unregistered key refused by FK, retiring a key leaves its secrets readable. Recorded M10-D01: a second retire_encryption_key re-stamps retired_at (no AND retired_at IS NULL)."
M10.the_id_is_unique_across_secrets,db/secrets,the id is unique across secrets,M10,implemented-fully-tested,crates/app/tests/milestone_10_secrets.rs::the_id_is_unique_across_secrets - passes on SQLite and PostgreSQL (31/31 each),"Module had zero tests of any kind. No production defect found: unlike rating_integrity, migrations/0005 stores timestamps as RFC 3339 TEXT on both engines (ADR 0004), so there is no native-type decode to get wrong. Suite pins the semantics imports.rs depends on -- stable id across a replacement, version increment, unregistered key refused by FK, retiring a key leaves its secrets readable. Recorded M10-D01: a second retire_encryption_key re-stamps retired_at (no AND retired_at IS NULL)."
M10.deleting_reports_whether_a_row_went_away,db/secrets,deleting reports whether a row went away,M10,implemented-fully-tested,crates/app/tests/milestone_10_secrets.rs::deleting_reports_whether_a_row_went_away - passes on SQLite and PostgreSQL (31/31 each),"Module had zero tests of any kind. No production defect found: unlike rating_integrity, migrations/0005 stores timestamps as RFC 3339 TEXT on both engines (ADR 0004), so there is no native-type decode to get wrong. Suite pins the semantics imports.rs depends on -- stable id across a replacement, version increment, unregistered key refused by FK, retiring a key leaves its secrets readable. Recorded M10-D01: a second retire_encryption_key re-stamps retired_at (no AND retired_at IS NULL)."
M10.deleting_an_unknown_id_is_false,db/secrets,deleting an unknown id is false,M10,implemented-fully-tested,crates/app/tests/milestone_10_secrets.rs::deleting_an_unknown_id_is_false - passes on SQLite and PostgreSQL (31/31 each),"Module had zero tests of any kind. No production defect found: unlike rating_integrity, migrations/0005 stores timestamps as RFC 3339 TEXT on both engines (ADR 0004), so there is no native-type decode to get wrong. Suite pins the semantics imports.rs depends on -- stable id across a replacement, version increment, unregistered key refused by FK, retiring a key leaves its secrets readable. Recorded M10-D01: a second retire_encryption_key re-stamps retired_at (no AND retired_at IS NULL)."
M10.deleting_one_secret_leaves_the_others,db/secrets,deleting one secret leaves the others,M10,implemented-fully-tested,crates/app/tests/milestone_10_secrets.rs::deleting_one_secret_leaves_the_others - passes on SQLite and PostgreSQL (31/31 each),"Module had zero tests of any kind. No production defect found: unlike rating_integrity, migrations/0005 stores timestamps as RFC 3339 TEXT on both engines (ADR 0004), so there is no native-type decode to get wrong. Suite pins the semantics imports.rs depends on -- stable id across a replacement, version increment, unregistered key refused by FK, retiring a key leaves its secrets readable. Recorded M10-D01: a second retire_encryption_key re-stamps retired_at (no AND retired_at IS NULL)."
M10.deleting_a_secret_keeps_the_key,db/secrets,deleting a secret keeps the key,M10,implemented-fully-tested,crates/app/tests/milestone_10_secrets.rs::deleting_a_secret_keeps_the_key - passes on SQLite and PostgreSQL (31/31 each),"Module had zero tests of any kind. No production defect found: unlike rating_integrity, migrations/0005 stores timestamps as RFC 3339 TEXT on both engines (ADR 0004), so there is no native-type decode to get wrong. Suite pins the semantics imports.rs depends on -- stable id across a replacement, version increment, unregistered key refused by FK, retiring a key leaves its secrets readable. Recorded M10-D01: a second retire_encryption_key re-stamps retired_at (no AND retired_at IS NULL)."
M10.a_name_freed_by_a_delete_starts_a_fresh_version_one,db/secrets,a name freed by a delete starts a fresh version one,M10,implemented-fully-tested,crates/app/tests/milestone_10_secrets.rs::a_name_freed_by_a_delete_starts_a_fresh_version_one - passes on SQLite and PostgreSQL (31/31 each),"Module had zero tests of any kind. No production defect found: unlike rating_integrity, migrations/0005 stores timestamps as RFC 3339 TEXT on both engines (ADR 0004), so there is no native-type decode to get wrong. Suite pins the semantics imports.rs depends on -- stable id across a replacement, version increment, unregistered key refused by FK, retiring a key leaves its secrets readable. Recorded M10-D01: a second retire_encryption_key re-stamps retired_at (no AND retired_at IS NULL)."
M10.the_rotate_and_read_lifecycle_works,db/secrets,the rotate and read lifecycle works,M10,implemented-fully-tested,crates/app/tests/milestone_10_secrets.rs::the_rotate_and_read_lifecycle_works - passes on SQLite and PostgreSQL (31/31 each),"Module had zero tests of any kind. No production defect found: unlike rating_integrity, migrations/0005 stores timestamps as RFC 3339 TEXT on both engines (ADR 0004), so there is no native-type decode to get wrong. Suite pins the semantics imports.rs depends on -- stable id across a replacement, version increment, unregistered key refused by FK, retiring a key leaves its secrets readable. Recorded M10-D01: a second retire_encryption_key re-stamps retired_at (no AND retired_at IS NULL)."
M32.a_new_edition_is_an_unpublished_narration,db/narration,a new edition is an unpublished narration,M32,implemented-fully-tested,crates/app/tests/milestone_32_narration.rs::a_new_edition_is_an_unpublished_narration - passes on SQLite and PostgreSQL (32/32 each),"Module had zero tests and is live via routes/narration.rs. No production defect found. Suite pins the load-bearing properties: approve refuses when audio_checksum IS NULL or empty (both halves of the guard), approval is idempotent and returns whether THIS call published it, publishing bumps version, an empty checksum reads as None, and deleting a parent edition nulls the child link (ON DELETE SET NULL) rather than cascading. Recorded M32-D01: a malformed edition id is an Err on PostgreSQL (::uuid cast) but Ok(false) on SQLite (matches no row), so a bad client id could be a 500 in production and a 404 locally."
M32.the_returned_id_names_a_stored_row,db/narration,the returned id names a stored row,M32,implemented-fully-tested,crates/app/tests/milestone_32_narration.rs::the_returned_id_names_a_stored_row - passes on SQLite and PostgreSQL (32/32 each),"Module had zero tests and is live via routes/narration.rs. No production defect found. Suite pins the load-bearing properties: approve refuses when audio_checksum IS NULL or empty (both halves of the guard), approval is idempotent and returns whether THIS call published it, publishing bumps version, an empty checksum reads as None, and deleting a parent edition nulls the child link (ON DELETE SET NULL) rather than cascading. Recorded M32-D01: a malformed edition id is an Err on PostgreSQL (::uuid cast) but Ok(false) on SQLite (matches no row), so a bad client id could be a 500 in production and a 404 locally."
M32.two_editions_of_one_work_coexist,db/narration,two editions of one work coexist,M32,implemented-fully-tested,crates/app/tests/milestone_32_narration.rs::two_editions_of_one_work_coexist - passes on SQLite and PostgreSQL (32/32 each),"Module had zero tests and is live via routes/narration.rs. No production defect found. Suite pins the load-bearing properties: approve refuses when audio_checksum IS NULL or empty (both halves of the guard), approval is idempotent and returns whether THIS call published it, publishing bumps version, an empty checksum reads as None, and deleting a parent edition nulls the child link (ON DELETE SET NULL) rather than cascading. Recorded M32-D01: a malformed edition id is an Err on PostgreSQL (::uuid cast) but Ok(false) on SQLite (matches no row), so a bad client id could be a 500 in production and a 404 locally."
M32.a_null_label_is_stored_as_null,db/narration,a null label is stored as null,M32,implemented-fully-tested,crates/app/tests/milestone_32_narration.rs::a_null_label_is_stored_as_null - passes on SQLite and PostgreSQL (32/32 each),"Module had zero tests and is live via routes/narration.rs. No production defect found. Suite pins the load-bearing properties: approve refuses when audio_checksum IS NULL or empty (both halves of the guard), approval is idempotent and returns whether THIS call published it, publishing bumps version, an empty checksum reads as None, and deleting a parent edition nulls the child link (ON DELETE SET NULL) rather than cascading. Recorded M32-D01: a malformed edition id is an Err on PostgreSQL (::uuid cast) but Ok(false) on SQLite (matches no row), so a bad client id could be a 500 in production and a 404 locally."
M32.a_parent_can_be_recorded,db/narration,a parent can be recorded,M32,implemented-fully-tested,crates/app/tests/milestone_32_narration.rs::a_parent_can_be_recorded - passes on SQLite and PostgreSQL (32/32 each),"Module had zero tests and is live via routes/narration.rs. No production defect found. Suite pins the load-bearing properties: approve refuses when audio_checksum IS NULL or empty (both halves of the guard), approval is idempotent and returns whether THIS call published it, publishing bumps version, an empty checksum reads as None, and deleting a parent edition nulls the child link (ON DELETE SET NULL) rather than cascading. Recorded M32-D01: a malformed edition id is an Err on PostgreSQL (::uuid cast) but Ok(false) on SQLite (matches no row), so a bad client id could be a 500 in production and a 404 locally."
M32.deleting_a_parent_nulls_the_child_link,db/narration,deleting a parent nulls the child link,M32,implemented-fully-tested,crates/app/tests/milestone_32_narration.rs::deleting_a_parent_nulls_the_child_link - passes on SQLite and PostgreSQL (32/32 each),"Module had zero tests and is live via routes/narration.rs. No production defect found. Suite pins the load-bearing properties: approve refuses when audio_checksum IS NULL or empty (both halves of the guard), approval is idempotent and returns whether THIS call published it, publishing bumps version, an empty checksum reads as None, and deleting a parent edition nulls the child link (ON DELETE SET NULL) rather than cascading. Recorded M32-D01: a malformed edition id is an Err on PostgreSQL (::uuid cast) but Ok(false) on SQLite (matches no row), so a bad client id could be a 500 in production and a 404 locally."
M32.an_edition_for_an_unknown_work_is_refused,db/narration,an edition for an unknown work is refused,M32,implemented-fully-tested,crates/app/tests/milestone_32_narration.rs::an_edition_for_an_unknown_work_is_refused - passes on SQLite and PostgreSQL (32/32 each),"Module had zero tests and is live via routes/narration.rs. No production defect found. Suite pins the load-bearing properties: approve refuses when audio_checksum IS NULL or empty (both halves of the guard), approval is idempotent and returns whether THIS call published it, publishing bumps version, an empty checksum reads as None, and deleting a parent edition nulls the child link (ON DELETE SET NULL) rather than cascading. Recorded M32-D01: a malformed edition id is an Err on PostgreSQL (::uuid cast) but Ok(false) on SQLite (matches no row), so a bad client id could be a 500 in production and a 404 locally."
M32.a_malformed_work_id_is_refused,db/narration,a malformed work id is refused,M32,implemented-fully-tested,crates/app/tests/milestone_32_narration.rs::a_malformed_work_id_is_refused - passes on SQLite and PostgreSQL (32/32 each),"Module had zero tests and is live via routes/narration.rs. No production defect found. Suite pins the load-bearing properties: approve refuses when audio_checksum IS NULL or empty (both halves of the guard), approval is idempotent and returns whether THIS call published it, publishing bumps version, an empty checksum reads as None, and deleting a parent edition nulls the child link (ON DELETE SET NULL) rather than cascading. Recorded M32-D01: a malformed edition id is an Err on PostgreSQL (::uuid cast) but Ok(false) on SQLite (matches no row), so a bad client id could be a 500 in production and a 404 locally."
M32.a_malformed_parent_id_is_refused,db/narration,a malformed parent id is refused,M32,implemented-fully-tested,crates/app/tests/milestone_32_narration.rs::a_malformed_parent_id_is_refused - passes on SQLite and PostgreSQL (32/32 each),"Module had zero tests and is live via routes/narration.rs. No production defect found. Suite pins the load-bearing properties: approve refuses when audio_checksum IS NULL or empty (both halves of the guard), approval is idempotent and returns whether THIS call published it, publishing bumps version, an empty checksum reads as None, and deleting a parent edition nulls the child link (ON DELETE SET NULL) rather than cascading. Recorded M32-D01: a malformed edition id is an Err on PostgreSQL (::uuid cast) but Ok(false) on SQLite (matches no row), so a bad client id could be a 500 in production and a 404 locally."
M32.storing_audio_records_the_checksum,db/narration,storing audio records the checksum,M32,implemented-fully-tested,crates/app/tests/milestone_32_narration.rs::storing_audio_records_the_checksum - passes on SQLite and PostgreSQL (32/32 each),"Module had zero tests and is live via routes/narration.rs. No production defect found. Suite pins the load-bearing properties: approve refuses when audio_checksum IS NULL or empty (both halves of the guard), approval is idempotent and returns whether THIS call published it, publishing bumps version, an empty checksum reads as None, and deleting a parent edition nulls the child link (ON DELETE SET NULL) rather than cascading. Recorded M32-D01: a malformed edition id is an Err on PostgreSQL (::uuid cast) but Ok(false) on SQLite (matches no row), so a bad client id could be a 500 in production and a 404 locally."
M32.an_empty_checksum_reads_as_absent,db/narration,an empty checksum reads as absent,M32,implemented-fully-tested,crates/app/tests/milestone_32_narration.rs::an_empty_checksum_reads_as_absent - passes on SQLite and PostgreSQL (32/32 each),"Module had zero tests and is live via routes/narration.rs. No production defect found. Suite pins the load-bearing properties: approve refuses when audio_checksum IS NULL or empty (both halves of the guard), approval is idempotent and returns whether THIS call published it, publishing bumps version, an empty checksum reads as None, and deleting a parent edition nulls the child link (ON DELETE SET NULL) rather than cascading. Recorded M32-D01: a malformed edition id is an Err on PostgreSQL (::uuid cast) but Ok(false) on SQLite (matches no row), so a bad client id could be a 500 in production and a 404 locally."
M32.storing_audio_again_replaces_the_checksum,db/narration,storing audio again replaces the checksum,M32,implemented-fully-tested,crates/app/tests/milestone_32_narration.rs::storing_audio_again_replaces_the_checksum - passes on SQLite and PostgreSQL (32/32 each),"Module had zero tests and is live via routes/narration.rs. No production defect found. Suite pins the load-bearing properties: approve refuses when audio_checksum IS NULL or empty (both halves of the guard), approval is idempotent and returns whether THIS call published it, publishing bumps version, an empty checksum reads as None, and deleting a parent edition nulls the child link (ON DELETE SET NULL) rather than cascading. Recorded M32-D01: a malformed edition id is an Err on PostgreSQL (::uuid cast) but Ok(false) on SQLite (matches no row), so a bad client id could be a 500 in production and a 404 locally."
M32.storing_audio_for_an_unknown_edition_is_a_silent_no_op,db/narration,storing audio for an unknown edition is a silent no op,M32,implemented-fully-tested,crates/app/tests/milestone_32_narration.rs::storing_audio_for_an_unknown_edition_is_a_silent_no_op - passes on SQLite and PostgreSQL (32/32 each),"Module had zero tests and is live via routes/narration.rs. No production defect found. Suite pins the load-bearing properties: approve refuses when audio_checksum IS NULL or empty (both halves of the guard), approval is idempotent and returns whether THIS call published it, publishing bumps version, an empty checksum reads as None, and deleting a parent edition nulls the child link (ON DELETE SET NULL) rather than cascading. Recorded M32-D01: a malformed edition id is an Err on PostgreSQL (::uuid cast) but Ok(false) on SQLite (matches no row), so a bad client id could be a 500 in production and a 404 locally."
M32.a_creator_credit_is_recorded,db/narration,a creator credit is recorded,M32,implemented-fully-tested,crates/app/tests/milestone_32_narration.rs::a_creator_credit_is_recorded - passes on SQLite and PostgreSQL (32/32 each),"Module had zero tests and is live via routes/narration.rs. No production defect found. Suite pins the load-bearing properties: approve refuses when audio_checksum IS NULL or empty (both halves of the guard), approval is idempotent and returns whether THIS call published it, publishing bumps version, an empty checksum reads as None, and deleting a parent edition nulls the child link (ON DELETE SET NULL) rather than cascading. Recorded M32-D01: a malformed edition id is an Err on PostgreSQL (::uuid cast) but Ok(false) on SQLite (matches no row), so a bad client id could be a 500 in production and a 404 locally."
M32.the_creator_is_an_external_name_not_an_account,db/narration,the creator is an external name not an account,M32,implemented-fully-tested,crates/app/tests/milestone_32_narration.rs::the_creator_is_an_external_name_not_an_account - passes on SQLite and PostgreSQL (32/32 each),"Module had zero tests and is live via routes/narration.rs. No production defect found. Suite pins the load-bearing properties: approve refuses when audio_checksum IS NULL or empty (both halves of the guard), approval is idempotent and returns whether THIS call published it, publishing bumps version, an empty checksum reads as None, and deleting a parent edition nulls the child link (ON DELETE SET NULL) rather than cascading. Recorded M32-D01: a malformed edition id is an Err on PostgreSQL (::uuid cast) but Ok(false) on SQLite (matches no row), so a bad client id could be a 500 in production and a 404 locally."
M32.two_credits_on_one_edition_coexist,db/narration,two credits on one edition coexist,M32,implemented-fully-tested,crates/app/tests/milestone_32_narration.rs::two_credits_on_one_edition_coexist - passes on SQLite and PostgreSQL (32/32 each),"Module had zero tests and is live via routes/narration.rs. No production defect found. Suite pins the load-bearing properties: approve refuses when audio_checksum IS NULL or empty (both halves of the guard), approval is idempotent and returns whether THIS call published it, publishing bumps version, an empty checksum reads as None, and deleting a parent edition nulls the child link (ON DELETE SET NULL) rather than cascading. Recorded M32-D01: a malformed edition id is an Err on PostgreSQL (::uuid cast) but Ok(false) on SQLite (matches no row), so a bad client id could be a 500 in production and a 404 locally."
M32.a_credit_for_an_unknown_edition_is_refused,db/narration,a credit for an unknown edition is refused,M32,implemented-fully-tested,crates/app/tests/milestone_32_narration.rs::a_credit_for_an_unknown_edition_is_refused - passes on SQLite and PostgreSQL (32/32 each),"Module had zero tests and is live via routes/narration.rs. No production defect found. Suite pins the load-bearing properties: approve refuses when audio_checksum IS NULL or empty (both halves of the guard), approval is idempotent and returns whether THIS call published it, publishing bumps version, an empty checksum reads as None, and deleting a parent edition nulls the child link (ON DELETE SET NULL) rather than cascading. Recorded M32-D01: a malformed edition id is an Err on PostgreSQL (::uuid cast) but Ok(false) on SQLite (matches no row), so a bad client id could be a 500 in production and a 404 locally."
M32.deleting_an_edition_cascades_to_its_credits,db/narration,deleting an edition cascades to its credits,M32,implemented-fully-tested,crates/app/tests/milestone_32_narration.rs::deleting_an_edition_cascades_to_its_credits - passes on SQLite and PostgreSQL (32/32 each),"Module had zero tests and is live via routes/narration.rs. No production defect found. Suite pins the load-bearing properties: approve refuses when audio_checksum IS NULL or empty (both halves of the guard), approval is idempotent and returns whether THIS call published it, publishing bumps version, an empty checksum reads as None, and deleting a parent edition nulls the child link (ON DELETE SET NULL) rather than cascading. Recorded M32-D01: a malformed edition id is an Err on PostgreSQL (::uuid cast) but Ok(false) on SQLite (matches no row), so a bad client id could be a 500 in production and a 404 locally."
M32.an_edition_without_audio_has_no_checksum,db/narration,an edition without audio has no checksum,M32,implemented-fully-tested,crates/app/tests/milestone_32_narration.rs::an_edition_without_audio_has_no_checksum - passes on SQLite and PostgreSQL (32/32 each),"Module had zero tests and is live via routes/narration.rs. No production defect found. Suite pins the load-bearing properties: approve refuses when audio_checksum IS NULL or empty (both halves of the guard), approval is idempotent and returns whether THIS call published it, publishing bumps version, an empty checksum reads as None, and deleting a parent edition nulls the child link (ON DELETE SET NULL) rather than cascading. Recorded M32-D01: a malformed edition id is an Err on PostgreSQL (::uuid cast) but Ok(false) on SQLite (matches no row), so a bad client id could be a 500 in production and a 404 locally."
M32.an_unknown_edition_has_no_checksum,db/narration,an unknown edition has no checksum,M32,implemented-fully-tested,crates/app/tests/milestone_32_narration.rs::an_unknown_edition_has_no_checksum - passes on SQLite and PostgreSQL (32/32 each),"Module had zero tests and is live via routes/narration.rs. No production defect found. Suite pins the load-bearing properties: approve refuses when audio_checksum IS NULL or empty (both halves of the guard), approval is idempotent and returns whether THIS call published it, publishing bumps version, an empty checksum reads as None, and deleting a parent edition nulls the child link (ON DELETE SET NULL) rather than cascading. Recorded M32-D01: a malformed edition id is an Err on PostgreSQL (::uuid cast) but Ok(false) on SQLite (matches no row), so a bad client id could be a 500 in production and a 404 locally."
M32.the_checksum_is_per_edition,db/narration,the checksum is per edition,M32,implemented-fully-tested,crates/app/tests/milestone_32_narration.rs::the_checksum_is_per_edition - passes on SQLite and PostgreSQL (32/32 each),"Module had zero tests and is live via routes/narration.rs. No production defect found. Suite pins the load-bearing properties: approve refuses when audio_checksum IS NULL or empty (both halves of the guard), approval is idempotent and returns whether THIS call published it, publishing bumps version, an empty checksum reads as None, and deleting a parent edition nulls the child link (ON DELETE SET NULL) rather than cascading. Recorded M32-D01: a malformed edition id is an Err on PostgreSQL (::uuid cast) but Ok(false) on SQLite (matches no row), so a bad client id could be a 500 in production and a 404 locally."
M32.reading_the_checksum_twice_is_stable,db/narration,reading the checksum twice is stable,M32,implemented-fully-tested,crates/app/tests/milestone_32_narration.rs::reading_the_checksum_twice_is_stable - passes on SQLite and PostgreSQL (32/32 each),"Module had zero tests and is live via routes/narration.rs. No production defect found. Suite pins the load-bearing properties: approve refuses when audio_checksum IS NULL or empty (both halves of the guard), approval is idempotent and returns whether THIS call published it, publishing bumps version, an empty checksum reads as None, and deleting a parent edition nulls the child link (ON DELETE SET NULL) rather than cascading. Recorded M32-D01: a malformed edition id is an Err on PostgreSQL (::uuid cast) but Ok(false) on SQLite (matches no row), so a bad client id could be a 500 in production and a 404 locally."
M32.an_edition_with_audio_publishes,db/narration,an edition with audio publishes,M32,implemented-fully-tested,crates/app/tests/milestone_32_narration.rs::an_edition_with_audio_publishes - passes on SQLite and PostgreSQL (32/32 each),"Module had zero tests and is live via routes/narration.rs. No production defect found. Suite pins the load-bearing properties: approve refuses when audio_checksum IS NULL or empty (both halves of the guard), approval is idempotent and returns whether THIS call published it, publishing bumps version, an empty checksum reads as None, and deleting a parent edition nulls the child link (ON DELETE SET NULL) rather than cascading. Recorded M32-D01: a malformed edition id is an Err on PostgreSQL (::uuid cast) but Ok(false) on SQLite (matches no row), so a bad client id could be a 500 in production and a 404 locally."
M32.publishing_bumps_the_version,db/narration,publishing bumps the version,M32,implemented-fully-tested,crates/app/tests/milestone_32_narration.rs::publishing_bumps_the_version - passes on SQLite and PostgreSQL (32/32 each),"Module had zero tests and is live via routes/narration.rs. No production defect found. Suite pins the load-bearing properties: approve refuses when audio_checksum IS NULL or empty (both halves of the guard), approval is idempotent and returns whether THIS call published it, publishing bumps version, an empty checksum reads as None, and deleting a parent edition nulls the child link (ON DELETE SET NULL) rather than cascading. Recorded M32-D01: a malformed edition id is an Err on PostgreSQL (::uuid cast) but Ok(false) on SQLite (matches no row), so a bad client id could be a 500 in production and a 404 locally."
M32.approving_twice_reports_false_the_second_time,db/narration,approving twice reports false the second time,M32,implemented-fully-tested,crates/app/tests/milestone_32_narration.rs::approving_twice_reports_false_the_second_time - passes on SQLite and PostgreSQL (32/32 each),"Module had zero tests and is live via routes/narration.rs. No production defect found. Suite pins the load-bearing properties: approve refuses when audio_checksum IS NULL or empty (both halves of the guard), approval is idempotent and returns whether THIS call published it, publishing bumps version, an empty checksum reads as None, and deleting a parent edition nulls the child link (ON DELETE SET NULL) rather than cascading. Recorded M32-D01: a malformed edition id is an Err on PostgreSQL (::uuid cast) but Ok(false) on SQLite (matches no row), so a bad client id could be a 500 in production and a 404 locally."
M32.an_edition_without_audio_cannot_be_published,db/narration,an edition without audio cannot be published,M32,implemented-fully-tested,crates/app/tests/milestone_32_narration.rs::an_edition_without_audio_cannot_be_published - passes on SQLite and PostgreSQL (32/32 each),"Module had zero tests and is live via routes/narration.rs. No production defect found. Suite pins the load-bearing properties: approve refuses when audio_checksum IS NULL or empty (both halves of the guard), approval is idempotent and returns whether THIS call published it, publishing bumps version, an empty checksum reads as None, and deleting a parent edition nulls the child link (ON DELETE SET NULL) rather than cascading. Recorded M32-D01: a malformed edition id is an Err on PostgreSQL (::uuid cast) but Ok(false) on SQLite (matches no row), so a bad client id could be a 500 in production and a 404 locally."
M32.an_empty_checksum_also_blocks_publication,db/narration,an empty checksum also blocks publication,M32,implemented-fully-tested,crates/app/tests/milestone_32_narration.rs::an_empty_checksum_also_blocks_publication - passes on SQLite and PostgreSQL (32/32 each),"Module had zero tests and is live via routes/narration.rs. No production defect found. Suite pins the load-bearing properties: approve refuses when audio_checksum IS NULL or empty (both halves of the guard), approval is idempotent and returns whether THIS call published it, publishing bumps version, an empty checksum reads as None, and deleting a parent edition nulls the child link (ON DELETE SET NULL) rather than cascading. Recorded M32-D01: a malformed edition id is an Err on PostgreSQL (::uuid cast) but Ok(false) on SQLite (matches no row), so a bad client id could be a 500 in production and a 404 locally."
M32.audio_stored_after_a_refusal_then_allows_publication,db/narration,audio stored after a refusal then allows publication,M32,implemented-fully-tested,crates/app/tests/milestone_32_narration.rs::audio_stored_after_a_refusal_then_allows_publication - passes on SQLite and PostgreSQL (32/32 each),"Module had zero tests and is live via routes/narration.rs. No production defect found. Suite pins the load-bearing properties: approve refuses when audio_checksum IS NULL or empty (both halves of the guard), approval is idempotent and returns whether THIS call published it, publishing bumps version, an empty checksum reads as None, and deleting a parent edition nulls the child link (ON DELETE SET NULL) rather than cascading. Recorded M32-D01: a malformed edition id is an Err on PostgreSQL (::uuid cast) but Ok(false) on SQLite (matches no row), so a bad client id could be a 500 in production and a 404 locally."
M32.approving_an_unknown_edition_is_false,db/narration,approving an unknown edition is false,M32,implemented-fully-tested,crates/app/tests/milestone_32_narration.rs::approving_an_unknown_edition_is_false - passes on SQLite and PostgreSQL (32/32 each),"Module had zero tests and is live via routes/narration.rs. No production defect found. Suite pins the load-bearing properties: approve refuses when audio_checksum IS NULL or empty (both halves of the guard), approval is idempotent and returns whether THIS call published it, publishing bumps version, an empty checksum reads as None, and deleting a parent edition nulls the child link (ON DELETE SET NULL) rather than cascading. Recorded M32-D01: a malformed edition id is an Err on PostgreSQL (::uuid cast) but Ok(false) on SQLite (matches no row), so a bad client id could be a 500 in production and a 404 locally."
M32.a_non_narration_edition_is_refused,db/narration,a non narration edition is refused,M32,implemented-fully-tested,crates/app/tests/milestone_32_narration.rs::a_non_narration_edition_is_refused - passes on SQLite and PostgreSQL (32/32 each),"Module had zero tests and is live via routes/narration.rs. No production defect found. Suite pins the load-bearing properties: approve refuses when audio_checksum IS NULL or empty (both halves of the guard), approval is idempotent and returns whether THIS call published it, publishing bumps version, an empty checksum reads as None, and deleting a parent edition nulls the child link (ON DELETE SET NULL) rather than cascading. Recorded M32-D01: a malformed edition id is an Err on PostgreSQL (::uuid cast) but Ok(false) on SQLite (matches no row), so a bad client id could be a 500 in production and a 404 locally."
M32.a_malformed_edition_id_differs_between_backends,db/narration,a malformed edition id differs between backends,M32,implemented-fully-tested,crates/app/tests/milestone_32_narration.rs::a_malformed_edition_id_differs_between_backends - passes on SQLite and PostgreSQL (32/32 each),"Module had zero tests and is live via routes/narration.rs. No production defect found. Suite pins the load-bearing properties: approve refuses when audio_checksum IS NULL or empty (both halves of the guard), approval is idempotent and returns whether THIS call published it, publishing bumps version, an empty checksum reads as None, and deleting a parent edition nulls the child link (ON DELETE SET NULL) rather than cascading. Recorded M32-D01: a malformed edition id is an Err on PostgreSQL (::uuid cast) but Ok(false) on SQLite (matches no row), so a bad client id could be a 500 in production and a 404 locally."
M32.the_narration_lifecycle_runs_end_to_end,db/narration,the narration lifecycle runs end to end,M32,implemented-fully-tested,crates/app/tests/milestone_32_narration.rs::the_narration_lifecycle_runs_end_to_end - passes on SQLite and PostgreSQL (32/32 each),"Module had zero tests and is live via routes/narration.rs. No production defect found. Suite pins the load-bearing properties: approve refuses when audio_checksum IS NULL or empty (both halves of the guard), approval is idempotent and returns whether THIS call published it, publishing bumps version, an empty checksum reads as None, and deleting a parent edition nulls the child link (ON DELETE SET NULL) rather than cascading. Recorded M32-D01: a malformed edition id is an Err on PostgreSQL (::uuid cast) but Ok(false) on SQLite (matches no row), so a bad client id could be a 500 in production and a 404 locally."
M43.a_theme_round_trips,db/instance_theme,a theme round trips,M43,implemented-fully-tested,crates/app/tests/milestone_43_instance_theme.rs::a_theme_round_trips - passes on SQLite and PostgreSQL (23/23 each),"Module had zero tests. Found a defect that had been present since the module was written: compute_theme_from_bookmarks joined a non-existent tags table and a non-existent work_tags.tag_id column (the real schema is work_tags.node_id -> taxonomy_nodes.id), so the statement failed on BOTH backends and .unwrap_or_default() turned the error into an empty vector. It also lacked the is_public = FALSE privacy filter on the PostgreSQL arm only. Latent because the function has no production caller (routes/federation.rs takes the vector from the request body). Recorded as M43-D01."
M43.a_second_upsert_replaces_the_vector,db/instance_theme,a second upsert replaces the vector,M43,implemented-fully-tested,crates/app/tests/milestone_43_instance_theme.rs::a_second_upsert_replaces_the_vector - passes on SQLite and PostgreSQL (23/23 each),"Module had zero tests. Found a defect that had been present since the module was written: compute_theme_from_bookmarks joined a non-existent tags table and a non-existent work_tags.tag_id column (the real schema is work_tags.node_id -> taxonomy_nodes.id), so the statement failed on BOTH backends and .unwrap_or_default() turned the error into an empty vector. It also lacked the is_public = FALSE privacy filter on the PostgreSQL arm only. Latent because the function has no production caller (routes/federation.rs takes the vector from the request body). Recorded as M43-D01."
M43.an_empty_vector_round_trips,db/instance_theme,an empty vector round trips,M43,implemented-fully-tested,crates/app/tests/milestone_43_instance_theme.rs::an_empty_vector_round_trips - passes on SQLite and PostgreSQL (23/23 each),"Module had zero tests. Found a defect that had been present since the module was written: compute_theme_from_bookmarks joined a non-existent tags table and a non-existent work_tags.tag_id column (the real schema is work_tags.node_id -> taxonomy_nodes.id), so the statement failed on BOTH backends and .unwrap_or_default() turned the error into an empty vector. It also lacked the is_public = FALSE privacy filter on the PostgreSQL arm only. Latent because the function has no production caller (routes/federation.rs takes the vector from the request body). Recorded as M43-D01."
M43.an_unknown_instance_has_no_theme,db/instance_theme,an unknown instance has no theme,M43,implemented-fully-tested,crates/app/tests/milestone_43_instance_theme.rs::an_unknown_instance_has_no_theme - passes on SQLite and PostgreSQL (23/23 each),"Module had zero tests. Found a defect that had been present since the module was written: compute_theme_from_bookmarks joined a non-existent tags table and a non-existent work_tags.tag_id column (the real schema is work_tags.node_id -> taxonomy_nodes.id), so the statement failed on BOTH backends and .unwrap_or_default() turned the error into an empty vector. It also lacked the is_public = FALSE privacy filter on the PostgreSQL arm only. Latent because the function has no production caller (routes/federation.rs takes the vector from the request body). Recorded as M43-D01."
M43.two_instances_keep_separate_themes,db/instance_theme,two instances keep separate themes,M43,implemented-fully-tested,crates/app/tests/milestone_43_instance_theme.rs::two_instances_keep_separate_themes - passes on SQLite and PostgreSQL (23/23 each),"Module had zero tests. Found a defect that had been present since the module was written: compute_theme_from_bookmarks joined a non-existent tags table and a non-existent work_tags.tag_id column (the real schema is work_tags.node_id -> taxonomy_nodes.id), so the statement failed on BOTH backends and .unwrap_or_default() turned the error into an empty vector. It also lacked the is_public = FALSE privacy filter on the PostgreSQL arm only. Latent because the function has no production caller (routes/federation.rs takes the vector from the request body). Recorded as M43-D01."
M43.private_themes_are_not_listed,db/instance_theme,private themes are not listed,M43,implemented-fully-tested,crates/app/tests/milestone_43_instance_theme.rs::private_themes_are_not_listed - passes on SQLite and PostgreSQL (23/23 each),"Module had zero tests. Found a defect that had been present since the module was written: compute_theme_from_bookmarks joined a non-existent tags table and a non-existent work_tags.tag_id column (the real schema is work_tags.node_id -> taxonomy_nodes.id), so the statement failed on BOTH backends and .unwrap_or_default() turned the error into an empty vector. It also lacked the is_public = FALSE privacy filter on the PostgreSQL arm only. Latent because the function has no production caller (routes/federation.rs takes the vector from the request body). Recorded as M43-D01."
M43.public_themes_are_listed_newest_first,db/instance_theme,public themes are listed newest first,M43,implemented-fully-tested,crates/app/tests/milestone_43_instance_theme.rs::public_themes_are_listed_newest_first - passes on SQLite and PostgreSQL (23/23 each),"Module had zero tests. Found a defect that had been present since the module was written: compute_theme_from_bookmarks joined a non-existent tags table and a non-existent work_tags.tag_id column (the real schema is work_tags.node_id -> taxonomy_nodes.id), so the statement failed on BOTH backends and .unwrap_or_default() turned the error into an empty vector. It also lacked the is_public = FALSE privacy filter on the PostgreSQL arm only. Latent because the function has no production caller (routes/federation.rs takes the vector from the request body). Recorded as M43-D01."
M43.only_the_public_theme_of_two_is_listed,db/instance_theme,only the public theme of two is listed,M43,implemented-fully-tested,crates/app/tests/milestone_43_instance_theme.rs::only_the_public_theme_of_two_is_listed - passes on SQLite and PostgreSQL (23/23 each),"Module had zero tests. Found a defect that had been present since the module was written: compute_theme_from_bookmarks joined a non-existent tags table and a non-existent work_tags.tag_id column (the real schema is work_tags.node_id -> taxonomy_nodes.id), so the statement failed on BOTH backends and .unwrap_or_default() turned the error into an empty vector. It also lacked the is_public = FALSE privacy filter on the PostgreSQL arm only. Latent because the function has no production caller (routes/federation.rs takes the vector from the request body). Recorded as M43-D01."
M43.flipping_to_private_withdraws_from_discovery,db/instance_theme,flipping to private withdraws from discovery,M43,implemented-fully-tested,crates/app/tests/milestone_43_instance_theme.rs::flipping_to_private_withdraws_from_discovery - passes on SQLite and PostgreSQL (23/23 each),"Module had zero tests. Found a defect that had been present since the module was written: compute_theme_from_bookmarks joined a non-existent tags table and a non-existent work_tags.tag_id column (the real schema is work_tags.node_id -> taxonomy_nodes.id), so the statement failed on BOTH backends and .unwrap_or_default() turned the error into an empty vector. It also lacked the is_public = FALSE privacy filter on the PostgreSQL arm only. Latent because the function has no production caller (routes/federation.rs takes the vector from the request body). Recorded as M43-D01."
M43.an_empty_instance_lists_nothing,db/instance_theme,an empty instance lists nothing,M43,implemented-fully-tested,crates/app/tests/milestone_43_instance_theme.rs::an_empty_instance_lists_nothing - passes on SQLite and PostgreSQL (23/23 each),"Module had zero tests. Found a defect that had been present since the module was written: compute_theme_from_bookmarks joined a non-existent tags table and a non-existent work_tags.tag_id column (the real schema is work_tags.node_id -> taxonomy_nodes.id), so the statement failed on BOTH backends and .unwrap_or_default() turned the error into an empty vector. It also lacked the is_public = FALSE privacy filter on the PostgreSQL arm only. Latent because the function has no production caller (routes/federation.rs takes the vector from the request body). Recorded as M43-D01."
M43.a_listed_theme_carries_its_vector,db/instance_theme,a listed theme carries its vector,M43,implemented-fully-tested,crates/app/tests/milestone_43_instance_theme.rs::a_listed_theme_carries_its_vector - passes on SQLite and PostgreSQL (23/23 each),"Module had zero tests. Found a defect that had been present since the module was written: compute_theme_from_bookmarks joined a non-existent tags table and a non-existent work_tags.tag_id column (the real schema is work_tags.node_id -> taxonomy_nodes.id), so the statement failed on BOTH backends and .unwrap_or_default() turned the error into an empty vector. It also lacked the is_public = FALSE privacy filter on the PostgreSQL arm only. Latent because the function has no production caller (routes/federation.rs takes the vector from the request body). Recorded as M43-D01."
M43.weights_are_read_from_the_vector,db/instance_theme,weights are read from the vector,M43,implemented-fully-tested,crates/app/tests/milestone_43_instance_theme.rs::weights_are_read_from_the_vector - passes on SQLite and PostgreSQL (23/23 each),"Module had zero tests. Found a defect that had been present since the module was written: compute_theme_from_bookmarks joined a non-existent tags table and a non-existent work_tags.tag_id column (the real schema is work_tags.node_id -> taxonomy_nodes.id), so the statement failed on BOTH backends and .unwrap_or_default() turned the error into an empty vector. It also lacked the is_public = FALSE privacy filter on the PostgreSQL arm only. Latent because the function has no production caller (routes/federation.rs takes the vector from the request body). Recorded as M43-D01."
M43.a_non_numeric_weight_is_skipped,db/instance_theme,a non numeric weight is skipped,M43,implemented-fully-tested,crates/app/tests/milestone_43_instance_theme.rs::a_non_numeric_weight_is_skipped - passes on SQLite and PostgreSQL (23/23 each),"Module had zero tests. Found a defect that had been present since the module was written: compute_theme_from_bookmarks joined a non-existent tags table and a non-existent work_tags.tag_id column (the real schema is work_tags.node_id -> taxonomy_nodes.id), so the statement failed on BOTH backends and .unwrap_or_default() turned the error into an empty vector. It also lacked the is_public = FALSE privacy filter on the PostgreSQL arm only. Latent because the function has no production caller (routes/federation.rs takes the vector from the request body). Recorded as M43-D01."
M43.a_non_object_vector_yields_no_weights,db/instance_theme,a non object vector yields no weights,M43,implemented-fully-tested,crates/app/tests/milestone_43_instance_theme.rs::a_non_object_vector_yields_no_weights - passes on SQLite and PostgreSQL (23/23 each),"Module had zero tests. Found a defect that had been present since the module was written: compute_theme_from_bookmarks joined a non-existent tags table and a non-existent work_tags.tag_id column (the real schema is work_tags.node_id -> taxonomy_nodes.id), so the statement failed on BOTH backends and .unwrap_or_default() turned the error into an empty vector. It also lacked the is_public = FALSE privacy filter on the PostgreSQL arm only. Latent because the function has no production caller (routes/federation.rs takes the vector from the request body). Recorded as M43-D01."
M43.a_null_weight_is_skipped,db/instance_theme,a null weight is skipped,M43,implemented-fully-tested,crates/app/tests/milestone_43_instance_theme.rs::a_null_weight_is_skipped - passes on SQLite and PostgreSQL (23/23 each),"Module had zero tests. Found a defect that had been present since the module was written: compute_theme_from_bookmarks joined a non-existent tags table and a non-existent work_tags.tag_id column (the real schema is work_tags.node_id -> taxonomy_nodes.id), so the statement failed on BOTH backends and .unwrap_or_default() turned the error into an empty vector. It also lacked the is_public = FALSE privacy filter on the PostgreSQL arm only. Latent because the function has no production caller (routes/federation.rs takes the vector from the request body). Recorded as M43-D01."
M43.an_integer_weight_is_a_number,db/instance_theme,an integer weight is a number,M43,implemented-fully-tested,crates/app/tests/milestone_43_instance_theme.rs::an_integer_weight_is_a_number - passes on SQLite and PostgreSQL (23/23 each),"Module had zero tests. Found a defect that had been present since the module was written: compute_theme_from_bookmarks joined a non-existent tags table and a non-existent work_tags.tag_id column (the real schema is work_tags.node_id -> taxonomy_nodes.id), so the statement failed on BOTH backends and .unwrap_or_default() turned the error into an empty vector. It also lacked the is_public = FALSE privacy filter on the PostgreSQL arm only. Latent because the function has no production caller (routes/federation.rs takes the vector from the request body). Recorded as M43-D01."
M43.an_empty_vector_yields_no_weights,db/instance_theme,an empty vector yields no weights,M43,implemented-fully-tested,crates/app/tests/milestone_43_instance_theme.rs::an_empty_vector_yields_no_weights - passes on SQLite and PostgreSQL (23/23 each),"Module had zero tests. Found a defect that had been present since the module was written: compute_theme_from_bookmarks joined a non-existent tags table and a non-existent work_tags.tag_id column (the real schema is work_tags.node_id -> taxonomy_nodes.id), so the statement failed on BOTH backends and .unwrap_or_default() turned the error into an empty vector. It also lacked the is_public = FALSE privacy filter on the PostgreSQL arm only. Latent because the function has no production caller (routes/federation.rs takes the vector from the request body). Recorded as M43-D01."
M43.computing_with_no_bookmarks_yields_an_empty_vector,db/instance_theme,computing with no bookmarks yields an empty vector,M43,implemented-fully-tested,crates/app/tests/milestone_43_instance_theme.rs::computing_with_no_bookmarks_yields_an_empty_vector - passes on SQLite and PostgreSQL (23/23 each),"Module had zero tests. Found a defect that had been present since the module was written: compute_theme_from_bookmarks joined a non-existent tags table and a non-existent work_tags.tag_id column (the real schema is work_tags.node_id -> taxonomy_nodes.id), so the statement failed on BOTH backends and .unwrap_or_default() turned the error into an empty vector. It also lacked the is_public = FALSE privacy filter on the PostgreSQL arm only. Latent because the function has no production caller (routes/federation.rs takes the vector from the request body). Recorded as M43-D01."
M43.a_computed_vector_maps_tags_to_unit_weights,db/instance_theme,a computed vector maps tags to unit weights,M43,implemented-fully-tested,crates/app/tests/milestone_43_instance_theme.rs::a_computed_vector_maps_tags_to_unit_weights - passes on SQLite and PostgreSQL (23/23 each),"Module had zero tests. Found a defect that had been present since the module was written: compute_theme_from_bookmarks joined a non-existent tags table and a non-existent work_tags.tag_id column (the real schema is work_tags.node_id -> taxonomy_nodes.id), so the statement failed on BOTH backends and .unwrap_or_default() turned the error into an empty vector. It also lacked the is_public = FALSE privacy filter on the PostgreSQL arm only. Latent because the function has no production caller (routes/federation.rs takes the vector from the request body). Recorded as M43-D01."
M43.computing_is_total_on_a_fresh_instance,db/instance_theme,computing is total on a fresh instance,M43,implemented-fully-tested,crates/app/tests/milestone_43_instance_theme.rs::computing_is_total_on_a_fresh_instance - passes on SQLite and PostgreSQL (23/23 each),"Module had zero tests. Found a defect that had been present since the module was written: compute_theme_from_bookmarks joined a non-existent tags table and a non-existent work_tags.tag_id column (the real schema is work_tags.node_id -> taxonomy_nodes.id), so the statement failed on BOTH backends and .unwrap_or_default() turned the error into an empty vector. It also lacked the is_public = FALSE privacy filter on the PostgreSQL arm only. Latent because the function has no production caller (routes/federation.rs takes the vector from the request body). Recorded as M43-D01."
M43.compute_reads_the_real_taxonomy,db/instance_theme,compute reads the real taxonomy,M43,implemented-fully-tested,crates/app/tests/milestone_43_instance_theme.rs::compute_reads_the_real_taxonomy - passes on SQLite and PostgreSQL (23/23 each),"Module had zero tests. Found a defect that had been present since the module was written: compute_theme_from_bookmarks joined a non-existent tags table and a non-existent work_tags.tag_id column (the real schema is work_tags.node_id -> taxonomy_nodes.id), so the statement failed on BOTH backends and .unwrap_or_default() turned the error into an empty vector. It also lacked the is_public = FALSE privacy filter on the PostgreSQL arm only. Latent because the function has no production caller (routes/federation.rs takes the vector from the request body). Recorded as M43-D01."
M43.compute_ignores_public_bookmarks,db/instance_theme,compute ignores public bookmarks,M43,implemented-fully-tested,crates/app/tests/milestone_43_instance_theme.rs::compute_ignores_public_bookmarks - passes on SQLite and PostgreSQL (23/23 each),"Module had zero tests. Found a defect that had been present since the module was written: compute_theme_from_bookmarks joined a non-existent tags table and a non-existent work_tags.tag_id column (the real schema is work_tags.node_id -> taxonomy_nodes.id), so the statement failed on BOTH backends and .unwrap_or_default() turned the error into an empty vector. It also lacked the is_public = FALSE privacy filter on the PostgreSQL arm only. Latent because the function has no production caller (routes/federation.rs takes the vector from the request body). Recorded as M43-D01."
M43.compute_ignores_tags_on_unbookmarked_works,db/instance_theme,compute ignores tags on unbookmarked works,M43,implemented-fully-tested,crates/app/tests/milestone_43_instance_theme.rs::compute_ignores_tags_on_unbookmarked_works - passes on SQLite and PostgreSQL (23/23 each),"Module had zero tests. Found a defect that had been present since the module was written: compute_theme_from_bookmarks joined a non-existent tags table and a non-existent work_tags.tag_id column (the real schema is work_tags.node_id -> taxonomy_nodes.id), so the statement failed on BOTH backends and .unwrap_or_default() turned the error into an empty vector. It also lacked the is_public = FALSE privacy filter on the PostgreSQL arm only. Latent because the function has no production caller (routes/federation.rs takes the vector from the request body). Recorded as M43-D01."
M41.an_old_enough_work_is_scored,db/longevity,an old enough work is scored,M41,implemented-fully-tested,crates/app/tests/milestone_41_longevity.rs::an_old_enough_work_is_scored - passes on SQLite and PostgreSQL (31/31 each),"Found two defects present since the module was written: every timestamp comparison compared RFC 3339 TEXT against a SQL date function (silent on SQLite, a type error on PostgreSQL), and half_life_of read a nullable column with an untyped scalar so an unscored work read as a hard zero. Recorded as M41-D01 and M41-D02."
M41.a_work_too_young_is_not_scored,db/longevity,a work too young is not scored,M41,implemented-fully-tested,crates/app/tests/milestone_41_longevity.rs::a_work_too_young_is_not_scored - passes on SQLite and PostgreSQL (31/31 each),"Found two defects present since the module was written: every timestamp comparison compared RFC 3339 TEXT against a SQL date function (silent on SQLite, a type error on PostgreSQL), and half_life_of read a nullable column with an untyped scalar so an unscored work read as a hard zero. Recorded as M41-D01 and M41-D02."
M41.a_draft_is_never_scored,db/longevity,a draft is never scored,M41,implemented-fully-tested,crates/app/tests/milestone_41_longevity.rs::a_draft_is_never_scored - passes on SQLite and PostgreSQL (31/31 each),"Found two defects present since the module was written: every timestamp comparison compared RFC 3339 TEXT against a SQL date function (silent on SQLite, a type error on PostgreSQL), and half_life_of read a nullable column with an untyped scalar so an unscored work read as a hard zero. Recorded as M41-D01 and M41-D02."
M41.a_deleted_work_is_never_scored,db/longevity,a deleted work is never scored,M41,implemented-fully-tested,crates/app/tests/milestone_41_longevity.rs::a_deleted_work_is_never_scored - passes on SQLite and PostgreSQL (31/31 each),"Found two defects present since the module was written: every timestamp comparison compared RFC 3339 TEXT against a SQL date function (silent on SQLite, a type error on PostgreSQL), and half_life_of read a nullable column with an untyped scalar so an unscored work read as a hard zero. Recorded as M41-D01 and M41-D02."
M41.an_eligible_work_with_no_readers_scores_zero,db/longevity,an eligible work with no readers scores zero,M41,implemented-fully-tested,crates/app/tests/milestone_41_longevity.rs::an_eligible_work_with_no_readers_scores_zero - passes on SQLite and PostgreSQL (31/31 each),"Found two defects present since the module was written: every timestamp comparison compared RFC 3339 TEXT against a SQL date function (silent on SQLite, a type error on PostgreSQL), and half_life_of read a nullable column with an untyped scalar so an unscored work read as a hard zero. Recorded as M41-D01 and M41-D02."
M41.the_score_is_the_reader_ratio_in_basis_points,db/longevity,the score is the reader ratio in basis points,M41,implemented-fully-tested,crates/app/tests/milestone_41_longevity.rs::the_score_is_the_reader_ratio_in_basis_points - passes on SQLite and PostgreSQL (31/31 each),"Found two defects present since the module was written: every timestamp comparison compared RFC 3339 TEXT against a SQL date function (silent on SQLite, a type error on PostgreSQL), and half_life_of read a nullable column with an untyped scalar so an unscored work read as a hard zero. Recorded as M41-D01 and M41-D02."
M41.a_collapse_scores_low,db/longevity,a collapse scores low,M41,implemented-fully-tested,crates/app/tests/milestone_41_longevity.rs::a_collapse_scores_low - passes on SQLite and PostgreSQL (31/31 each),"Found two defects present since the module was written: every timestamp comparison compared RFC 3339 TEXT against a SQL date function (silent on SQLite, a type error on PostgreSQL), and half_life_of read a nullable column with an untyped scalar so an unscored work read as a hard zero. Recorded as M41-D01 and M41-D02."
M41.a_reader_outside_both_windows_does_not_count,db/longevity,a reader outside both windows does not count,M41,implemented-fully-tested,crates/app/tests/milestone_41_longevity.rs::a_reader_outside_both_windows_does_not_count - passes on SQLite and PostgreSQL (31/31 each),"Found two defects present since the module was written: every timestamp comparison compared RFC 3339 TEXT against a SQL date function (silent on SQLite, a type error on PostgreSQL), and half_life_of read a nullable column with an untyped scalar so an unscored work read as a hard zero. Recorded as M41-D01 and M41-D02."
M41.one_reading_row_is_one_reader,db/longevity,one reading row is one reader,M41,implemented-fully-tested,crates/app/tests/milestone_41_longevity.rs::one_reading_row_is_one_reader - passes on SQLite and PostgreSQL (31/31 each),"Found two defects present since the module was written: every timestamp comparison compared RFC 3339 TEXT against a SQL date function (silent on SQLite, a type error on PostgreSQL), and half_life_of read a nullable column with an untyped scalar so an unscored work read as a hard zero. Recorded as M41-D01 and M41-D02."
M41.recompute_is_idempotent,db/longevity,recompute is idempotent,M41,implemented-fully-tested,crates/app/tests/milestone_41_longevity.rs::recompute_is_idempotent - passes on SQLite and PostgreSQL (31/31 each),"Found two defects present since the module was written: every timestamp comparison compared RFC 3339 TEXT against a SQL date function (silent on SQLite, a type error on PostgreSQL), and half_life_of read a nullable column with an untyped scalar so an unscored work read as a hard zero. Recorded as M41-D01 and M41-D02."
M41.a_zero_minimum_age_includes_a_fresh_work,db/longevity,a zero minimum age includes a fresh work,M41,implemented-fully-tested,crates/app/tests/milestone_41_longevity.rs::a_zero_minimum_age_includes_a_fresh_work - passes on SQLite and PostgreSQL (31/31 each),"Found two defects present since the module was written: every timestamp comparison compared RFC 3339 TEXT against a SQL date function (silent on SQLite, a type error on PostgreSQL), and half_life_of read a nullable column with an untyped scalar so an unscored work read as a hard zero. Recorded as M41-D01 and M41-D02."
M41.an_empty_instance_scores_nothing,db/longevity,an empty instance scores nothing,M41,implemented-fully-tested,crates/app/tests/milestone_41_longevity.rs::an_empty_instance_scores_nothing - passes on SQLite and PostgreSQL (31/31 each),"Found two defects present since the module was written: every timestamp comparison compared RFC 3339 TEXT against a SQL date function (silent on SQLite, a type error on PostgreSQL), and half_life_of read a nullable column with an untyped scalar so an unscored work read as a hard zero. Recorded as M41-D01 and M41-D02."
M41.every_eligible_work_is_scored,db/longevity,every eligible work is scored,M41,implemented-fully-tested,crates/app/tests/milestone_41_longevity.rs::every_eligible_work_is_scored - passes on SQLite and PostgreSQL (31/31 each),"Found two defects present since the module was written: every timestamp comparison compared RFC 3339 TEXT against a SQL date function (silent on SQLite, a type error on PostgreSQL), and half_life_of read a nullable column with an untyped scalar so an unscored work read as a hard zero. Recorded as M41-D01 and M41-D02."
M41.an_unscored_work_has_no_half_life,db/longevity,an unscored work has no half life,M41,implemented-fully-tested,crates/app/tests/milestone_41_longevity.rs::an_unscored_work_has_no_half_life - passes on SQLite and PostgreSQL (31/31 each),"Found two defects present since the module was written: every timestamp comparison compared RFC 3339 TEXT against a SQL date function (silent on SQLite, a type error on PostgreSQL), and half_life_of read a nullable column with an untyped scalar so an unscored work read as a hard zero. Recorded as M41-D01 and M41-D02."
M41.an_unknown_work_has_no_half_life,db/longevity,an unknown work has no half life,M41,implemented-fully-tested,crates/app/tests/milestone_41_longevity.rs::an_unknown_work_has_no_half_life - passes on SQLite and PostgreSQL (31/31 each),"Found two defects present since the module was written: every timestamp comparison compared RFC 3339 TEXT against a SQL date function (silent on SQLite, a type error on PostgreSQL), and half_life_of read a nullable column with an untyped scalar so an unscored work read as a hard zero. Recorded as M41-D01 and M41-D02."
M41.mapping_no_works_yields_nothing,db/longevity,mapping no works yields nothing,M41,implemented-fully-tested,crates/app/tests/milestone_41_longevity.rs::mapping_no_works_yields_nothing - passes on SQLite and PostgreSQL (31/31 each),"Found two defects present since the module was written: every timestamp comparison compared RFC 3339 TEXT against a SQL date function (silent on SQLite, a type error on PostgreSQL), and half_life_of read a nullable column with an untyped scalar so an unscored work read as a hard zero. Recorded as M41-D01 and M41-D02."
M41.mapping_returns_each_work_with_its_score,db/longevity,mapping returns each work with its score,M41,implemented-fully-tested,crates/app/tests/milestone_41_longevity.rs::mapping_returns_each_work_with_its_score - passes on SQLite and PostgreSQL (31/31 each),"Found two defects present since the module was written: every timestamp comparison compared RFC 3339 TEXT against a SQL date function (silent on SQLite, a type error on PostgreSQL), and half_life_of read a nullable column with an untyped scalar so an unscored work read as a hard zero. Recorded as M41-D01 and M41-D02."
M41.mapping_omits_a_work_that_does_not_exist,db/longevity,mapping omits a work that does not exist,M41,implemented-fully-tested,crates/app/tests/milestone_41_longevity.rs::mapping_omits_a_work_that_does_not_exist - passes on SQLite and PostgreSQL (31/31 each),"Found two defects present since the module was written: every timestamp comparison compared RFC 3339 TEXT against a SQL date function (silent on SQLite, a type error on PostgreSQL), and half_life_of read a nullable column with an untyped scalar so an unscored work read as a hard zero. Recorded as M41-D01 and M41-D02."
M41.mapping_one_work_binds_one_placeholder,db/longevity,mapping one work binds one placeholder,M41,implemented-fully-tested,crates/app/tests/milestone_41_longevity.rs::mapping_one_work_binds_one_placeholder - passes on SQLite and PostgreSQL (31/31 each),"Found two defects present since the module was written: every timestamp comparison compared RFC 3339 TEXT against a SQL date function (silent on SQLite, a type error on PostgreSQL), and half_life_of read a nullable column with an untyped scalar so an unscored work read as a hard zero. Recorded as M41-D01 and M41-D02."
M41.mapping_many_works_binds_many_placeholders,db/longevity,mapping many works binds many placeholders,M41,implemented-fully-tested,crates/app/tests/milestone_41_longevity.rs::mapping_many_works_binds_many_placeholders - passes on SQLite and PostgreSQL (31/31 each),"Found two defects present since the module was written: every timestamp comparison compared RFC 3339 TEXT against a SQL date function (silent on SQLite, a type error on PostgreSQL), and half_life_of read a nullable column with an untyped scalar so an unscored work read as a hard zero. Recorded as M41-D01 and M41-D02."
M41.the_map_agrees_with_the_single_read,db/longevity,the map agrees with the single read,M41,implemented-fully-tested,crates/app/tests/milestone_41_longevity.rs::the_map_agrees_with_the_single_read - passes on SQLite and PostgreSQL (31/31 each),"Found two defects present since the module was written: every timestamp comparison compared RFC 3339 TEXT against a SQL date function (silent on SQLite, a type error on PostgreSQL), and half_life_of read a nullable column with an untyped scalar so an unscored work read as a hard zero. Recorded as M41-D01 and M41-D02."
M41.a_first_interaction_records_warmth_at_lurk,db/longevity,a first interaction records warmth at lurk,M41,implemented-fully-tested,crates/app/tests/milestone_41_longevity.rs::a_first_interaction_records_warmth_at_lurk - passes on SQLite and PostgreSQL (31/31 each),"Found two defects present since the module was written: every timestamp comparison compared RFC 3339 TEXT against a SQL date function (silent on SQLite, a type error on PostgreSQL), and half_life_of read a nullable column with an untyped scalar so an unscored work read as a hard zero. Recorded as M41-D01 and M41-D02."
M41.warmth_accumulates_and_the_tier_follows,db/longevity,warmth accumulates and the tier follows,M41,implemented-fully-tested,crates/app/tests/milestone_41_longevity.rs::warmth_accumulates_and_the_tier_follows - passes on SQLite and PostgreSQL (31/31 each),"Found two defects present since the module was written: every timestamp comparison compared RFC 3339 TEXT against a SQL date function (silent on SQLite, a type error on PostgreSQL), and half_life_of read a nullable column with an untyped scalar so an unscored work read as a hard zero. Recorded as M41-D01 and M41-D02."
M41.warmth_is_directional,db/longevity,warmth is directional,M41,implemented-fully-tested,crates/app/tests/milestone_41_longevity.rs::warmth_is_directional - passes on SQLite and PostgreSQL (31/31 each),"Found two defects present since the module was written: every timestamp comparison compared RFC 3339 TEXT against a SQL date function (silent on SQLite, a type error on PostgreSQL), and half_life_of read a nullable column with an untyped scalar so an unscored work read as a hard zero. Recorded as M41-D01 and M41-D02."
M41.warmth_is_per_author,db/longevity,warmth is per author,M41,implemented-fully-tested,crates/app/tests/milestone_41_longevity.rs::warmth_is_per_author - passes on SQLite and PostgreSQL (31/31 each),"Found two defects present since the module was written: every timestamp comparison compared RFC 3339 TEXT against a SQL date function (silent on SQLite, a type error on PostgreSQL), and half_life_of read a nullable column with an untyped scalar so an unscored work read as a hard zero. Recorded as M41-D01 and M41-D02."
M41.an_authors_aggregates_count_its_readers,db/longevity,an authors aggregates count its readers,M41,implemented-fully-tested,crates/app/tests/milestone_41_longevity.rs::an_authors_aggregates_count_its_readers - passes on SQLite and PostgreSQL (31/31 each),"Found two defects present since the module was written: every timestamp comparison compared RFC 3339 TEXT against a SQL date function (silent on SQLite, a type error on PostgreSQL), and half_life_of read a nullable column with an untyped scalar so an unscored work read as a hard zero. Recorded as M41-D01 and M41-D02."
M41.aggregates_group_by_tier,db/longevity,aggregates group by tier,M41,implemented-fully-tested,crates/app/tests/milestone_41_longevity.rs::aggregates_group_by_tier - passes on SQLite and PostgreSQL (31/31 each),"Found two defects present since the module was written: every timestamp comparison compared RFC 3339 TEXT against a SQL date function (silent on SQLite, a type error on PostgreSQL), and half_life_of read a nullable column with an untyped scalar so an unscored work read as a hard zero. Recorded as M41-D01 and M41-D02."
M41.an_author_with_no_readers_has_no_aggregates,db/longevity,an author with no readers has no aggregates,M41,implemented-fully-tested,crates/app/tests/milestone_41_longevity.rs::an_author_with_no_readers_has_no_aggregates - passes on SQLite and PostgreSQL (31/31 each),"Found two defects present since the module was written: every timestamp comparison compared RFC 3339 TEXT against a SQL date function (silent on SQLite, a type error on PostgreSQL), and half_life_of read a nullable column with an untyped scalar so an unscored work read as a hard zero. Recorded as M41-D01 and M41-D02."
M41.a_large_interaction_reaches_the_top_tier,db/longevity,a large interaction reaches the top tier,M41,implemented-fully-tested,crates/app/tests/milestone_41_longevity.rs::a_large_interaction_reaches_the_top_tier - passes on SQLite and PostgreSQL (31/31 each),"Found two defects present since the module was written: every timestamp comparison compared RFC 3339 TEXT against a SQL date function (silent on SQLite, a type error on PostgreSQL), and half_life_of read a nullable column with an untyped scalar so an unscored work read as a hard zero. Recorded as M41-D01 and M41-D02."
M41.warmth_survives_an_unknown_reader_account,db/longevity,warmth survives an unknown reader account,M41,implemented-fully-tested,crates/app/tests/milestone_41_longevity.rs::warmth_survives_an_unknown_reader_account - passes on SQLite and PostgreSQL (31/31 each),"Found two defects present since the module was written: every timestamp comparison compared RFC 3339 TEXT against a SQL date function (silent on SQLite, a type error on PostgreSQL), and half_life_of read a nullable column with an untyped scalar so an unscored work read as a hard zero. Recorded as M41-D01 and M41-D02."
M41.warmth_records_when_it_last_changed,db/longevity,warmth records when it last changed,M41,implemented-fully-tested,crates/app/tests/milestone_41_longevity.rs::warmth_records_when_it_last_changed - passes on SQLite and PostgreSQL (31/31 each),"Found two defects present since the module was written: every timestamp comparison compared RFC 3339 TEXT against a SQL date function (silent on SQLite, a type error on PostgreSQL), and half_life_of read a nullable column with an untyped scalar so an unscored work read as a hard zero. Recorded as M41-D01 and M41-D02."
M43_browse.a_preference_round_trips,db/browse,a preference round trips,M43,implemented-fully-tested,crates/app/tests/milestone_43_browse.rs::a_preference_round_trips - passes on SQLite and PostgreSQL (16/16 each),"Module had zero tests. No defect found: set/get/delete_sort_preference were already correct on both backends, including the updated_at::text cast needed because updated_at is TIMESTAMPTZ on PostgreSQL but TEXT on SQLite. The suite locks in the (pseud_id, surface) upsert key, the ON DELETE CASCADE foreign key, and verbatim storage of surface and sort_value."
M43_browse.an_unset_preference_is_none,db/browse,an unset preference is none,M43,implemented-fully-tested,crates/app/tests/milestone_43_browse.rs::an_unset_preference_is_none - passes on SQLite and PostgreSQL (16/16 each),"Module had zero tests. No defect found: set/get/delete_sort_preference were already correct on both backends, including the updated_at::text cast needed because updated_at is TIMESTAMPTZ on PostgreSQL but TEXT on SQLite. The suite locks in the (pseud_id, surface) upsert key, the ON DELETE CASCADE foreign key, and verbatim storage of surface and sort_value."
M43_browse.choosing_again_replaces_the_preference,db/browse,choosing again replaces the preference,M43,implemented-fully-tested,crates/app/tests/milestone_43_browse.rs::choosing_again_replaces_the_preference - passes on SQLite and PostgreSQL (16/16 each),"Module had zero tests. No defect found: set/get/delete_sort_preference were already correct on both backends, including the updated_at::text cast needed because updated_at is TIMESTAMPTZ on PostgreSQL but TEXT on SQLite. The suite locks in the (pseud_id, surface) upsert key, the ON DELETE CASCADE foreign key, and verbatim storage of surface and sort_value."
M43_browse.setting_the_same_value_twice_is_idempotent,db/browse,setting the same value twice is idempotent,M43,implemented-fully-tested,crates/app/tests/milestone_43_browse.rs::setting_the_same_value_twice_is_idempotent - passes on SQLite and PostgreSQL (16/16 each),"Module had zero tests. No defect found: set/get/delete_sort_preference were already correct on both backends, including the updated_at::text cast needed because updated_at is TIMESTAMPTZ on PostgreSQL but TEXT on SQLite. The suite locks in the (pseud_id, surface) upsert key, the ON DELETE CASCADE foreign key, and verbatim storage of surface and sort_value."
M43_browse.preferences_are_per_surface,db/browse,preferences are per surface,M43,implemented-fully-tested,crates/app/tests/milestone_43_browse.rs::preferences_are_per_surface - passes on SQLite and PostgreSQL (16/16 each),"Module had zero tests. No defect found: set/get/delete_sort_preference were already correct on both backends, including the updated_at::text cast needed because updated_at is TIMESTAMPTZ on PostgreSQL but TEXT on SQLite. The suite locks in the (pseud_id, surface) upsert key, the ON DELETE CASCADE foreign key, and verbatim storage of surface and sort_value."
M43_browse.preferences_are_per_reader,db/browse,preferences are per reader,M43,implemented-fully-tested,crates/app/tests/milestone_43_browse.rs::preferences_are_per_reader - passes on SQLite and PostgreSQL (16/16 each),"Module had zero tests. No defect found: set/get/delete_sort_preference were already correct on both backends, including the updated_at::text cast needed because updated_at is TIMESTAMPTZ on PostgreSQL but TEXT on SQLite. The suite locks in the (pseud_id, surface) upsert key, the ON DELETE CASCADE foreign key, and verbatim storage of surface and sort_value."
M43_browse.resetting_advances_updated_at,db/browse,resetting advances updated at,M43,implemented-fully-tested,crates/app/tests/milestone_43_browse.rs::resetting_advances_updated_at - passes on SQLite and PostgreSQL (16/16 each),"Module had zero tests. No defect found: set/get/delete_sort_preference were already correct on both backends, including the updated_at::text cast needed because updated_at is TIMESTAMPTZ on PostgreSQL but TEXT on SQLite. The suite locks in the (pseud_id, surface) upsert key, the ON DELETE CASCADE foreign key, and verbatim storage of surface and sort_value."
M43_browse.a_preference_for_an_unknown_pseud_is_refused,db/browse,a preference for an unknown pseud is refused,M43,implemented-fully-tested,crates/app/tests/milestone_43_browse.rs::a_preference_for_an_unknown_pseud_is_refused - passes on SQLite and PostgreSQL (16/16 each),"Module had zero tests. No defect found: set/get/delete_sort_preference were already correct on both backends, including the updated_at::text cast needed because updated_at is TIMESTAMPTZ on PostgreSQL but TEXT on SQLite. The suite locks in the (pseud_id, surface) upsert key, the ON DELETE CASCADE foreign key, and verbatim storage of surface and sort_value."
M43_browse.the_sort_value_is_stored_verbatim,db/browse,the sort value is stored verbatim,M43,implemented-fully-tested,crates/app/tests/milestone_43_browse.rs::the_sort_value_is_stored_verbatim - passes on SQLite and PostgreSQL (16/16 each),"Module had zero tests. No defect found: set/get/delete_sort_preference were already correct on both backends, including the updated_at::text cast needed because updated_at is TIMESTAMPTZ on PostgreSQL but TEXT on SQLite. The suite locks in the (pseud_id, surface) upsert key, the ON DELETE CASCADE foreign key, and verbatim storage of surface and sort_value."
M43_browse.the_surface_name_is_stored_verbatim,db/browse,the surface name is stored verbatim,M43,implemented-fully-tested,crates/app/tests/milestone_43_browse.rs::the_surface_name_is_stored_verbatim - passes on SQLite and PostgreSQL (16/16 each),"Module had zero tests. No defect found: set/get/delete_sort_preference were already correct on both backends, including the updated_at::text cast needed because updated_at is TIMESTAMPTZ on PostgreSQL but TEXT on SQLite. The suite locks in the (pseud_id, surface) upsert key, the ON DELETE CASCADE foreign key, and verbatim storage of surface and sort_value."
M43_browse.a_deleted_preference_is_gone,db/browse,a deleted preference is gone,M43,implemented-fully-tested,crates/app/tests/milestone_43_browse.rs::a_deleted_preference_is_gone - passes on SQLite and PostgreSQL (16/16 each),"Module had zero tests. No defect found: set/get/delete_sort_preference were already correct on both backends, including the updated_at::text cast needed because updated_at is TIMESTAMPTZ on PostgreSQL but TEXT on SQLite. The suite locks in the (pseud_id, surface) upsert key, the ON DELETE CASCADE foreign key, and verbatim storage of surface and sort_value."
M43_browse.deleting_one_surface_leaves_the_others,db/browse,deleting one surface leaves the others,M43,implemented-fully-tested,crates/app/tests/milestone_43_browse.rs::deleting_one_surface_leaves_the_others - passes on SQLite and PostgreSQL (16/16 each),"Module had zero tests. No defect found: set/get/delete_sort_preference were already correct on both backends, including the updated_at::text cast needed because updated_at is TIMESTAMPTZ on PostgreSQL but TEXT on SQLite. The suite locks in the (pseud_id, surface) upsert key, the ON DELETE CASCADE foreign key, and verbatim storage of surface and sort_value."
M43_browse.deleting_an_absent_preference_is_not_an_error,db/browse,deleting an absent preference is not an error,M43,implemented-fully-tested,crates/app/tests/milestone_43_browse.rs::deleting_an_absent_preference_is_not_an_error - passes on SQLite and PostgreSQL (16/16 each),"Module had zero tests. No defect found: set/get/delete_sort_preference were already correct on both backends, including the updated_at::text cast needed because updated_at is TIMESTAMPTZ on PostgreSQL but TEXT on SQLite. The suite locks in the (pseud_id, surface) upsert key, the ON DELETE CASCADE foreign key, and verbatim storage of surface and sort_value."
M43_browse.a_preference_can_be_restored_after_deleting,db/browse,a preference can be restored after deleting,M43,implemented-fully-tested,crates/app/tests/milestone_43_browse.rs::a_preference_can_be_restored_after_deleting - passes on SQLite and PostgreSQL (16/16 each),"Module had zero tests. No defect found: set/get/delete_sort_preference were already correct on both backends, including the updated_at::text cast needed because updated_at is TIMESTAMPTZ on PostgreSQL but TEXT on SQLite. The suite locks in the (pseud_id, surface) upsert key, the ON DELETE CASCADE foreign key, and verbatim storage of surface and sort_value."
M43_browse.deleting_a_pseud_cascades_its_preferences,db/browse,deleting a pseud cascades its preferences,M43,implemented-fully-tested,crates/app/tests/milestone_43_browse.rs::deleting_a_pseud_cascades_its_preferences - passes on SQLite and PostgreSQL (16/16 each),"Module had zero tests. No defect found: set/get/delete_sort_preference were already correct on both backends, including the updated_at::text cast needed because updated_at is TIMESTAMPTZ on PostgreSQL but TEXT on SQLite. The suite locks in the (pseud_id, surface) upsert key, the ON DELETE CASCADE foreign key, and verbatim storage of surface and sort_value."
M43_browse.deleting_one_reader_leaves_the_others,db/browse,deleting one reader leaves the others,M43,implemented-fully-tested,crates/app/tests/milestone_43_browse.rs::deleting_one_reader_leaves_the_others - passes on SQLite and PostgreSQL (16/16 each),"Module had zero tests. No defect found: set/get/delete_sort_preference were already correct on both backends, including the updated_at::text cast needed because updated_at is TIMESTAMPTZ on PostgreSQL but TEXT on SQLite. The suite locks in the (pseud_id, surface) upsert key, the ON DELETE CASCADE foreign key, and verbatim storage of surface and sort_value."
M38.a_linked_work_comes_back,db/work_backlink,a linked work comes back,M38,implemented-fully-tested,crates/app/tests/milestone_38_work_backlink.rs::a_linked_work_comes_back - passes on SQLite and PostgreSQL (20/20 each),"The read path was already correct. work_for_topic carries the work_id TEXT/UUID casts the mixed-type table needs and compares public_attribution against 1, not true, because this schema's PostgreSQL migrations mirror the SQLite INTEGER types. The suite pins all three early returns and the attribution filter."
M38.authors_are_in_contribution_order,db/work_backlink,authors are in contribution order,M38,implemented-fully-tested,crates/app/tests/milestone_38_work_backlink.rs::authors_are_in_contribution_order - passes on SQLite and PostgreSQL (20/20 each),"The read path was already correct. work_for_topic carries the work_id TEXT/UUID casts the mixed-type table needs and compares public_attribution against 1, not true, because this schema's PostgreSQL migrations mirror the SQLite INTEGER types. The suite pins all three early returns and the attribution filter."
M38.a_work_with_no_contributors_has_no_authors,db/work_backlink,a work with no contributors has no authors,M38,implemented-fully-tested,crates/app/tests/milestone_38_work_backlink.rs::a_work_with_no_contributors_has_no_authors - passes on SQLite and PostgreSQL (20/20 each),"The read path was already correct. work_for_topic carries the work_id TEXT/UUID casts the mixed-type table needs and compares public_attribution against 1, not true, because this schema's PostgreSQL migrations mirror the SQLite INTEGER types. The suite pins all three early returns and the attribution filter."
M38.an_uncredited_contributor_is_not_named,db/work_backlink,an uncredited contributor is not named,M38,implemented-fully-tested,crates/app/tests/milestone_38_work_backlink.rs::an_uncredited_contributor_is_not_named - passes on SQLite and PostgreSQL (20/20 each),"The read path was already correct. work_for_topic carries the work_id TEXT/UUID casts the mixed-type table needs and compares public_attribution against 1, not true, because this schema's PostgreSQL migrations mirror the SQLite INTEGER types. The suite pins all three early returns and the attribution filter."
M38.a_credit_without_a_pseud_is_not_named,db/work_backlink,a credit without a pseud is not named,M38,implemented-fully-tested,crates/app/tests/milestone_38_work_backlink.rs::a_credit_without_a_pseud_is_not_named - passes on SQLite and PostgreSQL (20/20 each),"The read path was already correct. work_for_topic carries the work_id TEXT/UUID casts the mixed-type table needs and compares public_attribution against 1, not true, because this schema's PostgreSQL migrations mirror the SQLite INTEGER types. The suite pins all three early returns and the attribution filter."
M38.a_bookmarker_is_not_an_author,db/work_backlink,a bookmarker is not an author,M38,implemented-fully-tested,crates/app/tests/milestone_38_work_backlink.rs::a_bookmarker_is_not_an_author - passes on SQLite and PostgreSQL (20/20 each),"The read path was already correct. work_for_topic carries the work_id TEXT/UUID casts the mixed-type table needs and compares public_attribution against 1, not true, because this schema's PostgreSQL migrations mirror the SQLite INTEGER types. The suite pins all three early returns and the attribution filter."
M38.an_unlinked_topic_has_no_card,db/work_backlink,an unlinked topic has no card,M38,implemented-fully-tested,crates/app/tests/milestone_38_work_backlink.rs::an_unlinked_topic_has_no_card - passes on SQLite and PostgreSQL (20/20 each),"The read path was already correct. work_for_topic carries the work_id TEXT/UUID casts the mixed-type table needs and compares public_attribution against 1, not true, because this schema's PostgreSQL migrations mirror the SQLite INTEGER types. The suite pins all three early returns and the attribution filter."
M38.an_unknown_topic_has_no_card,db/work_backlink,an unknown topic has no card,M38,implemented-fully-tested,crates/app/tests/milestone_38_work_backlink.rs::an_unknown_topic_has_no_card - passes on SQLite and PostgreSQL (20/20 each),"The read path was already correct. work_for_topic carries the work_id TEXT/UUID casts the mixed-type table needs and compares public_attribution against 1, not true, because this schema's PostgreSQL migrations mirror the SQLite INTEGER types. The suite pins all three early returns and the attribution filter."
M38.a_malformed_topic_id_finds_nothing,db/work_backlink,a malformed topic id finds nothing,M38,implemented-fully-tested,crates/app/tests/milestone_38_work_backlink.rs::a_malformed_topic_id_finds_nothing - passes on SQLite and PostgreSQL (20/20 each),"The read path was already correct. work_for_topic carries the work_id TEXT/UUID casts the mixed-type table needs and compares public_attribution against 1, not true, because this schema's PostgreSQL migrations mirror the SQLite INTEGER types. The suite pins all three early returns and the attribution filter."
M38.a_link_to_a_deleted_work_has_no_card,db/work_backlink,a link to a deleted work has no card,M38,implemented-fully-tested,crates/app/tests/milestone_38_work_backlink.rs::a_link_to_a_deleted_work_has_no_card - passes on SQLite and PostgreSQL (20/20 each),"The read path was already correct. work_for_topic carries the work_id TEXT/UUID casts the mixed-type table needs and compares public_attribution against 1, not true, because this schema's PostgreSQL migrations mirror the SQLite INTEGER types. The suite pins all three early returns and the attribution filter."
M38.a_link_to_a_missing_work_is_refused,db/work_backlink,a link to a missing work is refused,M38,implemented-fully-tested,crates/app/tests/milestone_38_work_backlink.rs::a_link_to_a_missing_work_is_refused - passes on SQLite and PostgreSQL (20/20 each),"Found a schema defect: migration 0038 created topic_work_links on SQLite without the two foreign keys it declares on PostgreSQL, so an orphan link was insertable on one engine and impossible on the other, and a hard-deleted work left its links behind on SQLite. The SQLite pool runs with PRAGMA foreign_keys=ON, so the constraints were always enforceable. Fixed in 0038 in place (it predates every release tag, so no deployed instance has a recorded checksum); the matching entry also came off KNOWN_FK_DIVERGENCES. Recorded as M38-D01."
M38.deleting_a_work_cascades_its_links,db/work_backlink,deleting a work cascades its links,M38,implemented-fully-tested,crates/app/tests/milestone_38_work_backlink.rs::deleting_a_work_cascades_its_links - passes on SQLite and PostgreSQL (20/20 each),"Found a schema defect: migration 0038 created topic_work_links on SQLite without the two foreign keys it declares on PostgreSQL, so an orphan link was insertable on one engine and impossible on the other, and a hard-deleted work left its links behind on SQLite. The SQLite pool runs with PRAGMA foreign_keys=ON, so the constraints were always enforceable. Fixed in 0038 in place (it predates every release tag, so no deployed instance has a recorded checksum); the matching entry also came off KNOWN_FK_DIVERGENCES. Recorded as M38-D01."
M38.a_withdrawn_work_still_has_a_card,db/work_backlink,a withdrawn work still has a card,M38,implemented-fully-tested,crates/app/tests/milestone_38_work_backlink.rs::a_withdrawn_work_still_has_a_card - passes on SQLite and PostgreSQL (20/20 each),"The read path was already correct. work_for_topic carries the work_id TEXT/UUID casts the mixed-type table needs and compares public_attribution against 1, not true, because this schema's PostgreSQL migrations mirror the SQLite INTEGER types. The suite pins all three early returns and the attribution filter."
M38.a_draft_work_still_has_a_card,db/work_backlink,a draft work still has a card,M38,implemented-fully-tested,crates/app/tests/milestone_38_work_backlink.rs::a_draft_work_still_has_a_card - passes on SQLite and PostgreSQL (20/20 each),"The read path was already correct. work_for_topic carries the work_id TEXT/UUID casts the mixed-type table needs and compares public_attribution against 1, not true, because this schema's PostgreSQL migrations mirror the SQLite INTEGER types. The suite pins all three early returns and the attribution filter."
M38.a_topic_links_to_at_most_one_work,db/work_backlink,a topic links to at most one work,M38,implemented-fully-tested,crates/app/tests/milestone_38_work_backlink.rs::a_topic_links_to_at_most_one_work - passes on SQLite and PostgreSQL (20/20 each),"The read path was already correct. work_for_topic carries the work_id TEXT/UUID casts the mixed-type table needs and compares public_attribution against 1, not true, because this schema's PostgreSQL migrations mirror the SQLite INTEGER types. The suite pins all three early returns and the attribution filter."
M38.a_work_can_be_linked_from_several_topics,db/work_backlink,a work can be linked from several topics,M38,implemented-fully-tested,crates/app/tests/milestone_38_work_backlink.rs::a_work_can_be_linked_from_several_topics - passes on SQLite and PostgreSQL (20/20 each),"The read path was already correct. work_for_topic carries the work_id TEXT/UUID casts the mixed-type table needs and compares public_attribution against 1, not true, because this schema's PostgreSQL migrations mirror the SQLite INTEGER types. The suite pins all three early returns and the attribution filter."
M38.both_topics_see_the_same_card,db/work_backlink,both topics see the same card,M38,implemented-fully-tested,crates/app/tests/milestone_38_work_backlink.rs::both_topics_see_the_same_card - passes on SQLite and PostgreSQL (20/20 each),"The read path was already correct. work_for_topic carries the work_id TEXT/UUID casts the mixed-type table needs and compares public_attribution against 1, not true, because this schema's PostgreSQL migrations mirror the SQLite INTEGER types. The suite pins all three early returns and the attribution filter."
M38.the_title_round_trips_verbatim,db/work_backlink,the title round trips verbatim,M38,implemented-fully-tested,crates/app/tests/milestone_38_work_backlink.rs::the_title_round_trips_verbatim - passes on SQLite and PostgreSQL (20/20 each),"The read path was already correct. work_for_topic carries the work_id TEXT/UUID casts the mixed-type table needs and compares public_attribution against 1, not true, because this schema's PostgreSQL migrations mirror the SQLite INTEGER types. The suite pins all three early returns and the attribution filter."
M38.the_card_id_is_the_work_id,db/work_backlink,the card id is the work id,M38,implemented-fully-tested,crates/app/tests/milestone_38_work_backlink.rs::the_card_id_is_the_work_id - passes on SQLite and PostgreSQL (20/20 each),"The read path was already correct. work_for_topic carries the work_id TEXT/UUID casts the mixed-type table needs and compares public_attribution against 1, not true, because this schema's PostgreSQL migrations mirror the SQLite INTEGER types. The suite pins all three early returns and the attribution filter."
M38.handles_round_trip_verbatim,db/work_backlink,handles round trip verbatim,M38,implemented-fully-tested,crates/app/tests/milestone_38_work_backlink.rs::handles_round_trip_verbatim - passes on SQLite and PostgreSQL (20/20 each),"The read path was already correct. work_for_topic carries the work_id TEXT/UUID casts the mixed-type table needs and compares public_attribution against 1, not true, because this schema's PostgreSQL migrations mirror the SQLite INTEGER types. The suite pins all three early returns and the attribution filter."
M15.search.a_rebuild_indexes_every_token,db/search, ,M15.9-15.10,implemented-fully-tested,crates/app/tests/milestone_15_search.rs::a_rebuild_indexes_every_token - passes on SQLite and PostgreSQL (42/42 each),
M15.search.positions_are_ordinals,db/search,p,M15.9-15.10,implemented-fully-tested,crates/app/tests/milestone_15_search.rs::positions_are_ordinals - passes on SQLite and PostgreSQL (42/42 each),
M15.search.terms_are_normalised,db/search,h,M15.9-15.10,implemented-fully-tested,crates/app/tests/milestone_15_search.rs::terms_are_normalised - passes on SQLite and PostgreSQL (42/42 each),
M15.search.a_repeated_word_is_indexed_per_occurrence,db/search, ,M15.9-15.10,implemented-fully-tested,crates/app/tests/milestone_15_search.rs::a_repeated_word_is_indexed_per_occurrence - passes on SQLite and PostgreSQL (42/42 each),
M15.search.a_second_rebuild_replaces_the_index,db/search, ,M15.9-15.10,implemented-fully-tested,crates/app/tests/milestone_15_search.rs::a_second_rebuild_replaces_the_index - passes on SQLite and PostgreSQL (42/42 each),
M15.search.rebuilding_the_same_text_twice_is_idempotent,db/search,e,M15.9-15.10,implemented-fully-tested,crates/app/tests/milestone_15_search.rs::rebuilding_the_same_text_twice_is_idempotent - passes on SQLite and PostgreSQL (42/42 each),
M15.search.the_index_row_holds_the_body_text,db/search,w,M15.9-15.10,implemented-fully-tested,crates/app/tests/milestone_15_search.rs::the_index_row_holds_the_body_text - passes on SQLite and PostgreSQL (42/42 each),
M15.search.an_empty_body_indexes_no_terms,db/search,m,M15.9-15.10,implemented-fully-tested,crates/app/tests/milestone_15_search.rs::an_empty_body_indexes_no_terms - passes on SQLite and PostgreSQL (42/42 each),
M15.search.whitespace_only_indexes_no_terms,db/search,h,M15.9-15.10,implemented-fully-tested,crates/app/tests/milestone_15_search.rs::whitespace_only_indexes_no_terms - passes on SQLite and PostgreSQL (42/42 each),
M15.search.rebuilding_one_work_leaves_others_alone,db/search,w,M15.9-15.10,implemented-fully-tested,crates/app/tests/milestone_15_search.rs::rebuilding_one_work_leaves_others_alone - passes on SQLite and PostgreSQL (42/42 each),
M15.search.unicode_text_indexes,db/search,n,M15.9-15.10,implemented-fully-tested,crates/app/tests/milestone_15_search.rs::unicode_text_indexes - passes on SQLite and PostgreSQL (42/42 each),
M15.search.a_long_body_indexes_completely,db/search, ,M15.9-15.10,implemented-fully-tested,crates/app/tests/milestone_15_search.rs::a_long_body_indexes_completely - passes on SQLite and PostgreSQL (42/42 each),
M15.search.a_published_work_is_findable,db/search,n,M15.9-15.10,implemented-fully-tested,crates/app/tests/milestone_15_search.rs::a_published_work_is_findable - passes on SQLite and PostgreSQL (42/42 each),
M15.search.matching_is_by_prefix_not_substring,db/search, ,M15.9-15.10,implemented-fully-tested,crates/app/tests/milestone_15_search.rs::matching_is_by_prefix_not_substring - passes on SQLite and PostgreSQL (42/42 each),
M15.search.a_multi_word_needle_ors_its_words,db/search, ,M15.9-15.10,implemented-fully-tested,crates/app/tests/milestone_15_search.rs::a_multi_word_needle_ors_its_words - passes on SQLite and PostgreSQL (42/42 each),
M15.search.the_needle_is_case_insensitive,db/search,h,M15.9-15.10,implemented-fully-tested,crates/app/tests/milestone_15_search.rs::the_needle_is_case_insensitive - passes on SQLite and PostgreSQL (42/42 each),
M15.search.a_padded_needle_is_trimmed,db/search,u,M15.9-15.10,implemented-fully-tested,crates/app/tests/milestone_15_search.rs::a_padded_needle_is_trimmed - passes on SQLite and PostgreSQL (42/42 each),
M15.search.an_empty_needle_matches_nothing,db/search,n,M15.9-15.10,implemented-fully-tested,crates/app/tests/milestone_15_search.rs::an_empty_needle_matches_nothing - passes on SQLite and PostgreSQL (42/42 each),
M15.search.a_needle_with_no_match_is_empty,db/search, ,M15.9-15.10,implemented-fully-tested,crates/app/tests/milestone_15_search.rs::a_needle_with_no_match_is_empty - passes on SQLite and PostgreSQL (42/42 each),
M15.search.score_is_the_matching_term_count_and_ranks_results,db/search,s,M15.9-15.10,implemented-fully-tested,crates/app/tests/milestone_15_search.rs::score_is_the_matching_term_count_and_ranks_results - passes on SQLite and PostgreSQL (42/42 each),
M15.search.a_repeated_match_raises_the_score,db/search, ,M15.9-15.10,implemented-fully-tested,crates/app/tests/milestone_15_search.rs::a_repeated_match_raises_the_score - passes on SQLite and PostgreSQL (42/42 each),
M15.search.word_count_comes_from_live_revisions,db/search,w,M15.9-15.10,implemented-fully-tested,crates/app/tests/milestone_15_search.rs::word_count_comes_from_live_revisions - passes on SQLite and PostgreSQL (42/42 each),
M15.search.a_work_with_no_chapters_counts_zero,db/search, ,M15.9-15.10,implemented-fully-tested,crates/app/tests/milestone_15_search.rs::a_work_with_no_chapters_counts_zero - passes on SQLite and PostgreSQL (42/42 each),
M15.search.the_limit_bounds_the_results,db/search,l,M15.9-15.10,implemented-fully-tested,crates/app/tests/milestone_15_search.rs::the_limit_bounds_the_results - passes on SQLite and PostgreSQL (42/42 each),
M15.search.a_draft_work_is_not_searchable,db/search, ,M15.9-15.10,implemented-fully-tested,crates/app/tests/milestone_15_search.rs::a_draft_work_is_not_searchable - passes on SQLite and PostgreSQL (42/42 each),
M15.search.a_private_work_is_not_searchable,db/search, ,M15.9-15.10,implemented-fully-tested,crates/app/tests/milestone_15_search.rs::a_private_work_is_not_searchable - passes on SQLite and PostgreSQL (42/42 each),
M15.search.a_public_published_work_is_searchable,db/search, ,M15.9-15.10,implemented-fully-tested,crates/app/tests/milestone_15_search.rs::a_public_published_work_is_searchable - passes on SQLite and PostgreSQL (42/42 each),
M15.search.a_withdrawn_work_leaves_the_results,db/search, ,M15.9-15.10,implemented-fully-tested,crates/app/tests/milestone_15_search.rs::a_withdrawn_work_leaves_the_results - passes on SQLite and PostgreSQL (42/42 each),
M15.search.a_deleted_work_is_not_searchable,db/search, ,M15.9-15.10,implemented-fully-tested,crates/app/tests/milestone_15_search.rs::a_deleted_work_is_not_searchable - passes on SQLite and PostgreSQL (42/42 each),
M15.search.a_work_whose_owner_is_gone_is_not_returned,db/search,h,M15.9-15.10,implemented-fully-tested,crates/app/tests/milestone_15_search.rs::a_work_whose_owner_is_gone_is_not_returned - passes on SQLite and PostgreSQL (42/42 each),
M15.search.deleting_a_work_cascades_its_index,db/search,e,M15.9-15.10,implemented-fully-tested,crates/app/tests/milestone_15_search.rs::deleting_a_work_cascades_its_index - passes on SQLite and PostgreSQL (42/42 each),
M15.search.a_soft_deleted_work_keeps_its_index_rows,db/search,o,M15.9-15.10,implemented-fully-tested,crates/app/tests/milestone_15_search.rs::a_soft_deleted_work_keeps_its_index_rows - passes on SQLite and PostgreSQL (42/42 each),
M15.search.an_in_work_search_returns_positions,db/search,n,M15.9-15.10,implemented-fully-tested,crates/app/tests/milestone_15_search.rs::an_in_work_search_returns_positions - passes on SQLite and PostgreSQL (42/42 each),
M15.search.an_in_work_search_is_a_prefix_match,db/search,n,M15.9-15.10,implemented-fully-tested,crates/app/tests/milestone_15_search.rs::an_in_work_search_is_a_prefix_match - passes on SQLite and PostgreSQL (42/42 each),
M15.search.in_work_hits_are_ordered_by_position,db/search,n,M15.9-15.10,implemented-fully-tested,crates/app/tests/milestone_15_search.rs::in_work_hits_are_ordered_by_position - passes on SQLite and PostgreSQL (42/42 each),
M15.search.an_in_work_needle_is_trimmed_and_lowercased,db/search,h,M15.9-15.10,implemented-fully-tested,crates/app/tests/milestone_15_search.rs::an_in_work_needle_is_trimmed_and_lowercased - passes on SQLite and PostgreSQL (42/42 each),
M15.search.an_empty_in_work_needle_matches_nothing,db/search,n,M15.9-15.10,implemented-fully-tested,crates/app/tests/milestone_15_search.rs::an_empty_in_work_needle_matches_nothing - passes on SQLite and PostgreSQL (42/42 each),
M15.search.an_in_work_search_is_scoped_to_one_work,db/search,n,M15.9-15.10,implemented-fully-tested,crates/app/tests/milestone_15_search.rs::an_in_work_search_is_scoped_to_one_work - passes on SQLite and PostgreSQL (42/42 each),
M15.search.an_unindexed_work_has_no_in_work_hits,db/search,n,M15.9-15.10,implemented-fully-tested,crates/app/tests/milestone_15_search.rs::an_unindexed_work_has_no_in_work_hits - passes on SQLite and PostgreSQL (42/42 each),
M15.search.an_unknown_work_has_no_in_work_hits,db/search,n,M15.9-15.10,implemented-fully-tested,crates/app/tests/milestone_15_search.rs::an_unknown_work_has_no_in_work_hits - passes on SQLite and PostgreSQL (42/42 each),
M15.search.an_in_work_search_ignores_lifecycle,db/search,n,M15.9-15.10,implemented-fully-tested,crates/app/tests/milestone_15_search.rs::an_in_work_search_ignores_lifecycle - passes on SQLite and PostgreSQL (42/42 each),
M15.search.in_work_hits_are_capped_at_a_hundred,db/search,n,M15.9-15.10,implemented-fully-tested,crates/app/tests/milestone_15_search.rs::in_work_hits_are_capped_at_a_hundred - passes on SQLite and PostgreSQL (42/42 each),
M7.export_window.a_missing_export_row_is_retryable,app/exports, ,M7,implemented-fully-tested,crates/app/tests/export_worker_commit_window.rs::a_missing_export_row_is_retryable - passes on SQLite and PostgreSQL (4/4 each),
M7.export_window.the_message_says_not_yet_rather_than_gone,app/exports,h,M7,implemented-fully-tested,crates/app/tests/export_worker_commit_window.rs::the_message_says_not_yet_rather_than_gone - passes on SQLite and PostgreSQL (4/4 each),
M7.export_window.a_payload_without_an_export_id_is_still_fatal,app/exports, ,M7,implemented-fully-tested,crates/app/tests/export_worker_commit_window.rs::a_payload_without_an_export_id_is_still_fatal - passes on SQLite and PostgreSQL (4/4 each),
M7.export_window.an_export_under_another_id_does_not_satisfy_the_lookup,app/exports,h,M7,implemented-fully-tested,crates/app/tests/export_worker_commit_window.rs::an_export_under_another_id_does_not_satisfy_the_lookup - passes on SQLite and PostgreSQL (4/4 each),
M59-01,imports,"Robots posture is three-valued: strict refuses every disallowed path, metadata_only reads a disallowed metadata path and stores nothing, permissive overrides; pacing is identical under all three",M59,implemented-locally-tested,"crates/scrapers/src/safety.rs::robots_gate(rules, path, posture, class) - pure, four answers; RobotsPosture in crates/scrapers/src/robots.rs; pacing_is_identical_under_every_posture; 16 mutations in the phase A table of docs/plans/crawling-retention-preservation.md","PARTIAL. A.1-A.3 are built and mutation-proved. The clause ""metadata_only reads a disallowed metadata path and stores NOTHING"" is NOT yet true and is A.4 / M59-03: the gate returns ReadAndDiscarded and the fetcher acts on it, but nothing yet prevents a caller storing that body. Also amended: a discarded read is deliberately NOT counted as a robots override (asserted by a_read_and_discarded_fetch_is_not_counted_as_an_override), because a read whose bytes are thrown away is not an operator decision to report - the original spec row ""every overridden or discarded read is counted"" was wrong for the discarded case and the spec amendment now says so."
M59-02,imports,"Every fetch declares a class (metadata | content | media) set at the call site by the adapter, never inferred from a URL",M59,implemented-locally-tested,crates/scrapers/src/robots.rs::FetchClass; SafeFetcher::get_with_class carries it; get_with_redirects declares Content so an un-updated adapter is REFUSED under metadata_only rather than read-and-discarded; policy_for stays the single construction site,"DONE. The load-bearing choice is the default direction: an undeclared fetch is Content, so under metadata_only it is refused. Defaulting to Metadata would make the one fetch that declared nothing the one fetch that gets through. Proven by M6 (Metadata default) and M12 (gate ignores class), both of which turn the suite red."
M59-03,imports,"A metadata-class fetch cannot return a body: a 1 MiB ceiling, a parse type with no prose field, and a write list that touches no revision, no FTS row and no cache fill",M59,implemented-locally-tested,"A.4. Limit 2 needed no change: SourceWork already has no prose field. Limit 3 is enforced by SafeFetcher::label_fetched CLEARING Fetched::body on ReadAndDiscarded, not by a flag - Fetched::body is a public field read directly by ~40 site-adapter call sites, so a flag only storable_body consults would be defeated by all of them. Limit 1 is a FetchClass parameter on send_with_redirects, which derives its own ceiling; 8 mutations D1-D8, table in the plan PLUS the cache fill: CachingFetcher::remember returns early on a discarded page, because a zero-byte cache entry with a live ETag would be answered 304 and served nothing forever. Mutations C1-C3, table in the plan","DONE, and the shape differs from the plan sketch in two ways worth keeping. (1) The write list needed no change: the discard happens earlier and harder, at the fetcher. (2) The byte ceiling is a class parameter rather than a number, because the mutation that put self.policy.max_bytes at the call site SURVIVED a full pass - every ceiling test tested max_bytes_for and none looked at the seam. A parameter type that cannot hold a byte count is the only version of that fix that holds. The first version of the discard test asserted on a real fetch, which needs DNS; the if-let never matched and it would have passed with the discard deleted."
M59-04,imports,"Every overridden or discarded read is counted per host and the first per host is logged, including on metadata_only",M59,implemented-locally-tested,"crates/scrapers/src/safety.rs: SafeFetcher::robots_read_and_discarded(), a counter SEPARATE from robots_overrides(), with a per-host debug! warning. Two tests: a_read_and_discarded_fetch_is_counted_on_its_own_counter (three reads give a count of 3, a per-host set of size 1, and robots_overrides() still 0) and each_host_gets_its_own_discard_warning (two hosts give two warnings). Verified RED: restoring the empty `ReadAndDiscarded => {}` arm fails both new tests and leaves every pre-existing test green, including a_read_and_discarded_fetch_is_not_counted_as_an_override.","Spec 11.5 1.3. The counter is what lets an operator answer what the posture cost. A posture that reads what it was refused is a stronger claim than a boolean that ignored it, so it owes better accounting than the boolean did. The two numbers answer OPPOSITE questions and are deliberately not folded together: robots_overrides is 'is this instance ignoring sites?' and is something an operator may have to explain to a site's owner; robots_read_and_discarded is 'is MetadataOnly throwing away the dataset?' and non-zero means the posture is working as configured. The pre-existing test a_read_and_discarded_fetch_is_not_counted_as_an_override exists to forbid folding them, so the new test repeats that assertion deliberately."
M59-05,imports,"A content fetch refused by posture is refused by name, is not retried, and a per-source override may only narrow and does not outlive its import run",M59,implemented-locally-tested,"robots::resolve_source_override -> Err(WideningRefused); narrows_or_equals over all nine pairs in BOTH crates; robots::caution_rank + robots::narrowest as the single order; config::RunScope (expires by being dropped, no clock); imports::run_scope_for selects the run's own non-persistent grants; imports::run_policy is the only way a run builds a policy; posture_for_source_in takes narrowest(run, file); catalogue reports robots_posture + instance_robots_posture + override_of; 15 mutations (E1-E9, F1-F6) in docs/plans/crawling-retention-preservation.md, all turn the suite red","COMPLETE for the local build. Run scoping is a DROP, not a timer: run() builds a RunScope, hands it to run_policy, and the value dies with the run, so 'expired' and 'the run ended' are the same event and cannot drift. A run grant is OUTRANKED, not refused - posture_for_source_in takes narrowest(run, file), so a caller granting itself permissive against a strict config still fetches strict. TWO TRAPS, both hit here. (1) The rank order: low is the MOST cautious (Strict=0) and the rule is rank(asked) <= rank(instance). Strict=0 with >= reads correctly and is exactly backwards - it lets a strict instance accept a permissive override. Asserting one pair cannot catch an inverted order, so all nine are asserted twice. (2) A second rank was written in config.rs for the narrowest-of-two rule and it ranked Permissive as 0 - the same inversion in a second place. The fix was ONE exported caution_rank in the module that owns the enum. Also: a non-serde-defaulted map on a deny_unknown_fields struct made every existing config fail to parse ('missing field robots_posture_overrides'), which a purely additive option must never do. F4 and F5 SURVIVED and the finding was NOT a missing test: run_scope_for was REDUNDANT. posture_for_source already returns a persistent:false override on every lookup, so the run's grant and the file's answer were the same posture for the same source and the scope could not change any outcome. A path that cannot change a result is dead weight, so it was deleted - run_scope_for now returns an empty RunScope, the file answers, and F4/F5 are recorded as vacuous rather than quietly dropped. RunScope survives as the channel for mid-run grants from a caller, narrowed by narrowest(run, file) so it can never widen."
M59-06,imports,The User-Agent token may name the fetch class and may not impersonate another product's crawler,M59,implemented-locally-tested,"safety.rs::user_agent_for(base, class) appends (class=<as_token>); called from `attempt`, the function that builds the headers, so a token cannot be assembled at a call site; robots.rs::FetchClass::as_token; safety.rs::validate_user_agent refuses 30+ impersonating agents case-insensitively and is called in `attempt` immediately before the header is built; tests the_user_agent_names_the_class_of_the_request, a_token_impersonating_another_crawler_is_refused, an_impersonating_token_is_refused_before_the_request_is_made, an_honest_token_is_not_refused, the_send_path_names_the_class_it_was_given; 7 mutations B1-B7 in docs/plans/crawling-retention-preservation.md","COMPLETE for the local build. Two details that are load-bearing. (1) as_token is SEPARATE from as_str: the stored spelling is a database value and an API response where changing it is a migration, the wire spelling is inside a string a site parses - two spellings, one enum, so a new class forces a decision about both. (2) The check is a DENYLIST of impersonated claims plus a requirement that the token name this product, not an allowlist of permitted tokens: a denylist catches variants, and an allowlist has to be extended every time a legitimate phrasing is thought of. The whole token is matched case-insensitively, because 'Mozilla/5.0 (compatible; Googlebot/2.1)' is the same claim as 'Googlebot/2.1'. B7 survived the first pass for a reason worth recording: the token test called user_agent_for DIRECTLY and the refusal tests never looked at the token, so nothing connected the two - the function could be right while the send path passed it a constant. Same seam as D6 (the ceiling), same answer: a source-text assertion on the one deciding line, now via a shared source_of() helper so a second caller can bound a different function instead of copying the slicing. an_honest_token_is_not_refused exists because a check that refuses everything looks correct when the only tests are about what it stops."
M59-07,library,"Instance work body retention cache|aggregate: a setting, six refusal paths with stable reason codes, per-source narrowing overrides and the four admin routes",M59,implemented-locally-tested,"crates/app/tests/retention_routes.rs — the retention setting, source overrides and refusals","Spec §11.15 plus amendment §4.1. This is M6-15. The reason codes exist so the six paths are enumerable and testable rather than six hand-written strings that drift. Migration 0087 rather than the plan's 0086: 0086 was taken by body_audience. Two decisions worth keeping: an unrecognised stored mode reads as cache, never aggregate, because guessing aggregate on a downgrade would strip storage from a running instance; and the widening refusal is 422 through the instance's one validation code, not 403 (the operator is allowed, the value is wrong) and not 500 (nothing is broken). Built by M59 phases C/C1/D; this row was still `planned` because the ledger was not updated when those phases landed. Verified by the named suite, not by this row."
M59-08,library,A body that fails to fetch on a caching instance leaves a failed retryable import and never becomes a silent link,M59,implemented-locally-tested,"crates/app/src/imports.rs: a failed body fetch calls fail_import with the stable code body_fetch_failed, and store_chapters gates on check_body_allowed. Test: a_body_that_fails_to_fetch_leaves_a_retryable_import_and_never_a_silent_link (crates/app/tests/milestone_6.rs), plus an_aggregating_instance_imports_the_metadata_and_stores_no_body and a_per_source_override_narrows_one_source_and_not_another. Mutations: removing the retention gate from store_chapters kills two of the three; reverting the fail_import call to a bare `?` kills the third.","Spec §11.15 non-degradation. The gap was narrower than the row implied: chapter-level failures were already handled, and what was missing was (a) any retention gate on the body store and (b) a record when the BULK fetch failed — the import row was left at 'running', which is neither queued for retry nor recorded as failed, and the library item already written made the work look imported. Both fixed. The aggregate direction returns Ok(vec![]) rather than an error, because an aggregating instance importing a work is a success: it produced exactly the record §11.15 says it produces."
M59-09,library,An aggregating instance surfaces works_past_saving to the operator and to nobody else,M59,implemented-locally-tested,"crates/db/src/retention.rs::works_past_saving; crates/app/src/routes/retention.rs::get_works_past_saving at GET /api/v1/admin/retention/works-past-saving. Tests: works_past_saving_counts_only_works_this_instance_holds_no_body_for, works_past_saving_is_not_reachable_by_a_non_operator, a_vanished_origin_is_recorded_and_a_transient_one_is_not. Mutation: making origin_gone_code return None for both variants kills the third.","Spec §11.15 as amended by §4.2. The count needed a signal that did not exist: a not_found or withheld preview failure propagated out of the import and left import_jobs.state at 'running'. crates/app/src/imports.rs::origin_gone_code now classifies on the TYPED SourceError, never on rendered prose — a substring test over classify's message would break on a reword and silently send the count to zero, which looks like good news. Only NotFound and Withheld count: AuthRequired is a login an operator can fix, and RateLimited/Blocked/Network are transient, so counting them would report a preservation debt for a busy afternoon. Operator-only by require_operator (404, not 403), and deliberately absent from /admin/stats, which answers anonymous callers."
M59-10,library,"A reader at or above retention.body_request_min_trust may request a personal snapshot of an external body; it is refused by name on an aggregate instance, and no surface varies body visibility by the viewer's trust level",M59,implemented-locally-tested,"crates/app/tests/reader_body_copies.rs (7 tests: the §6.4 acceptance list); crates/app/tests/config_sections.rs (the bar loads from a file, the documented default, and no_read_path_consults_the_request_bar — a source scan, verified by injection to fail and name the file); privacy test verified by re-introducing the account_id leak it caught","Plan: docs/plans/m59-10-reader-body-request.md. The only M59 row no phase was assigned to. Two decisions the spec deferred: the copy is a new reader_body_copies table, NOT chapter_revisions, because writing there would make one reader's request change what every other reader sees; and a work's source is the most recent library_items row (that link is one-to-many, and works has no source column), a work with none being refused by name rather than defaulted. The gate checks source -> mode -> trust, in that order: checking trust first would tell a reader not entitled to it that the instance is aggregate. Audit surface is a new retention_body_requests table because retention_policy_changes has no action column and every row in it says an account changed the instance's mode. Fetch is JobKind::BodyFetch (index 13, appended), and a refusal settles Ok rather than erroring so it is never retried."
M59-11,preservation,"A preservation target is a crosspost with a verification loop: a metadata-class fetch of the destination's public item page confirms it, recorded with verified_at and an evidence hash",M59,implemented-locally-tested,"crates/app/tests/milestone_0.rs, retention_routes.rs — the crosspost verification loop","Spec §11.12a. Verification needs no destination API, which is what lets an archive with no adapter still be checked - and §2.5's eligibility calculation depends on destinations being checkable without one A preservation target is a story_identity_members row with a state column, not a parallel table - see M59-21. Verification needs no destination API, which is what lets an archive with no adapter still be checked, and §2.5's eligibility calculation depends on destinations being checkable without one. Built by M59 phases C/C1/D; this row was still `planned` because the ledger was not updated when those phases landed. Verified by the named suite, not by this row."
M59-12,preservation,"Credits pay for verified live preservation, sized by threshold, decay and cap, inside the existing daily action cap",M59,implemented-locally-tested,"crates/app/tests/retention_routes.rs — credits sized by threshold, decay and cap","Spec §9.7.2 as amended. The repository has already been bitten by SQLite lacking math functions, so decay is computed in Rust. Past the cap a destination records and displays and pays nothing. Built by M59 phases C/C1/D; this row was still `planned` because the ledger was not updated when those phases landed. Verified by the named suite, not by this row."
M59-13,preservation,"A destination that stops answering is marked dead and its credits are reversed through a second ledger entry with an idempotency key, never a balance edit",M59,implemented-locally-tested,crates/app/tests/retention_routes.rs — clawback when a destination dies,"Spec §11.12a §2.2-2.3. This is the load-bearing piece: it is the only mechanism that stops the reward being farmed, and it is what makes Top Preservers a quality metric rather than a count of link farms. A reader who already spent the credits must see the debt, which a balance mutation cannot show. Built by M59 phases C/C1/D; this row was still `planned` because the ledger was not updated when those phases landed. Verified by the named suite, not by this row."
M59-14,preservation,"The redistribution assertion gates the crosspost: yes pays full, ask pays less, no refuses by name; a target for an imported work is refused naming the §23.7 transfer manifest",M59,implemented-locally-tested,crates/app/tests/retention_routes.rs — the redistribution assertion gate,"Spec §11.12a §2.6-2.7. TWO dependencies, not one. (1) §33.1 is spec-only - §33 opens with 'Nothing in this section is implemented' - so works.redistribution is a column this phase adds, defaulting to unstated and treated as ask. (2) Inherited permission across an origin needs the §23.7 transfer manifest, which is deferred; that refusal is deliberate and is not a bug to be fixed later. Local works are the whole of the shippable slice. Built by M59 phases C/C1/D; this row was still `planned` because the ledger was not updated when those phases landed. Verified by the named suite, not by this row."
M59-15,preservation,"badge_preservation is awarded once at the threshold, Top Preservers counts live targets weekly and never actions, and no composite preservation score exists on any surface",M59,implemented-locally-tested,crates/app/tests/retention_routes.rs — badge and Top Preservers,"Spec §9.7.5-9.7.6 as amended. §28.10 refuses points and levels by name and §9.7.1 refuses anything cumulative, so credits plus a badge carry the whole request. §32.6 refuses composite scores publicly, so a dated fact is shown and a 0-100 number is not. Built by M59 phases C/C1/D; this row was still `planned` because the ledger was not updated when those phases landed. Verified by the named suite, not by this row."
M59-16,preservation,"A work with fewer eligible destinations than the threshold reports itself fully preserved for what is eligible, with the reason",M59,implemented-locally-tested,crates/app/tests/retention_routes.rs — eligible-destination reporting,"Spec §11.12a §2.5. Three verified archives does not exist for every work - some accept only original work, some have no adapter - so a flat requirement is a number some readers can never earn and a failure that looks like the reader's. Built by M59 phases C/C1/D; this row was still `planned` because the ledger was not updated when those phases landed. Verified by the named suite, not by this row."
M59-17,governance,"A retention proposal requires a configurable minimum trust level, and its payload can carry retention fields and nothing else",M59,implemented-locally-tested,"test a_proposal_payload_carrying_a_non_retention_field_is_refused_by_name, which asserts the refusal NAMES the field rather than only returning a status; test a_reader_below_the_bar_cannot_open_or_file_a_proposal_and_is_told_the_bar, which asserts the message carries both the bar and the caller's own level; test a_raised_bar_excludes_a_reader_who_was_under_the_previous_one, which is the only test that can fail if the bar is a constant rather than configuration","Spec §19.15 as added. The bar is configurable because the question is preference-shaped and the answer carries no authority over any other reader, any ranking or any account. Bounded by type, not by a handler check, so no configuration can widen it BUILT: `retention_governance.proposal_min_trust` (default 1) gates the four reader routes. The payload bound is `#[serde(deny_unknown_fields)]` on the bodies, and the 'by name' half needed `Result<Json<T>, JsonRejection>` in the handler signature — axum's default rejection has an EMPTY body, so a status alone cannot satisfy a requirement to name the offending field. That is a route-level change, not a type-level one, and the row's original claim that it is 'bounded by type, not by a handler check' is corrected here: the type's deserialisation bounds it, and the handler's rejection rendering is what makes the bound legible to a client. Verified on SQLite and PostgreSQL."
M59-18,governance,"Retention proposals are advisory by default: a passed proposal does not move the setting, and the operator's modlog response is required",M59,implemented-locally-tested,"retention_policy_changes records every applied change, with retention_proposals left `open` by an advisory settlement; test in_advisory_mode_a_passed_proposal_does_not_change_the_setting; test in_advisory_mode_the_operator_response_is_required_before_anything_moves; test in_advisory_mode_a_decline_needs_a_reason_and_records_the_disagreement; test an_operator_override_sets_the_setting_back_and_leaves_the_tally_visible","Spec §11.15a §5. The default is advisory because a vote that sets a storage policy is not like a vote that sets a colour, and the storage bill belongs to the operator BUILT: `retention_governance.binding_mode` defaults false. The settlement pass (`routes/retention_settle.rs`, also `JobKind::RetentionSettle` at index 12) REPORTS a passed advisory ballot and closes nothing — it leaves the proposal `open` so `POST /admin/retention/proposals/{id}/respond` stays reachable. The first version closed it as `passed`, which made `respond` dead code for any ballot older than its window: the job had finalised it and the route correctly reported 'already decided'. A pass that finalises ballots in advisory mode is binding mode with extra steps. A declined ballot closes as `overridden` rather than expiring, so the disagreement is recorded as a disagreement. `respond` applies the setting BEFORE closing the proposal, so a transient storage fault leaves the ballot open and retryable instead of producing a record saying the readers' decision was had and then not followed."
M59-19,governance,"In binding mode a storage-widening change needs a higher quorum, commits only after a cooling period, and is always overridable by the operator with a recorded reason",M59,implemented-locally-tested,"quorum_for in lorehaven_domain::retention_quorum, consulted by store::tally and nowhere else, so the bar has one derivation; test in_binding_mode_a_widening_proposal_at_the_ordinary_quorum_does_not_commit, which sets widen_quorum=4 and asserts required==4 and reached==false; test in_binding_mode_a_widening_proposal_commits_after_quorum_and_cooling_days, a FROZEN-CLOCK PAIR through run_at(state, now) one second either side of closes_at asserting unchanged at quorum and changed at quorum+cooling — asserting only the end state would pass against an implementation that ignored the delay; test a_narrowing_proposal_commits_at_the_ordinary_bar; test a_ballot_that_misses_the_bar_and_its_window_is_closed_as_expired","Spec §11.15a §5.3. Quorum is asymmetric by cost direction: narrowing is cheap and reversible, widening commits storage and bandwidth indefinitely. The cooling period exists because the cost is deferred and invisible - a reader votes today and the bill arrives next quarter BUILT, and the row's 'frozen-clock test' is now a real pair rather than a plan. Two corrections to what this row assumed. (1) `quorum_for` clamps a widening bar UP to MINIMUM_QUORUM (3): a configured bar below three is REFUSED, not honoured, because a bar under three is 'a proposal decided by one person's second tap'. The cooling test therefore sets `widen_quorum = 2` and still needs three supporters, which is how the clamp is demonstrated rather than merely asserted; a configured bar ABOVE the reader count is honoured and means 'this instance does not change storage policy by vote'. (2) The committed change row's actor is `lorehaven_db::SYSTEM_ACCOUNT` — a fixed id inserted by migration 0094 — because `retention_policy_changes.actor` is NOT NULL REFERENCES accounts(id) ON DELETE RESTRICT and a binding settlement acts with no operator involved. NULL is refused, the nil UUID is refused by the foreign key, and a reader's id would put one of the voters' names on the row their own ballot produced. A settlement also FAILS if the change row cannot be written, rather than discarding the error: the setting and the record are one fact and only one of them was otherwise guaranteed."
M59-20,governance,"No reader can read another reader's retention ballot, a second vote updates the first, opening a proposal grants no trust, credit, badge or placement, and a second proposal on the same setting is refused while one is open",M59,implemented-locally-tested,"store::tally returns two integers and no row type, so there is nothing to serialise; the four reader routes serialise a HAND-WRITTEN projection naming every field they emit, because RetentionProposal has a pub opened_by and a derive would carry it the moment the store grows a field; test no_response_exposes_a_ballot_or_its_voter asserts on the SERIALISED TEXT — refusing every plausible key (ballot, voter, voted, account, handle, opened_by, …) AND the three real account ids, so a leak under an unanticipated name still fails; VERIFIED BY INJECTION, adding opened_by to the projection makes it fail and the revert makes it pass, because a test that has never failed is not evidence; also test no_reader_can_read_another_readers_retention_ballot, test a_ballot_counts_up_and_changes_a_readers_mind_without_double_counting, test opening_a_proposal_grants_no_trust_credit_badge_or_placement, test a_second_proposal_on_the_same_setting_is_a_conflict_and_the_first_is_untouched","Spec §29.6 applied to §11.15a. The UNIQUE(account_id, proposal_id) is the whole anti-buy mechanism. Opening a proposal granting nothing personal is cheap to state and expensive to retrofit: a preference poll that made its participants more visible becomes a status ladder within two releases CORRECTION 2026-09-27: an earlier draft weighted the tally by §16.16 demand weight, which contradicted §45.2 ('Flat weights - every vote weighs 1. Taste affinity, trust level, and private preference are never part of governance') and inverted the arrow §19.2 refuses. The tally is FLAT and the ballot table has no weight column; cost direction is handled by quorum_for(). M58's base_weight is not a precedent: a directory ranking is not a governance vote. BUILT. The row's original evidence — 'retention_proposal_votes has no serialising route' — was true of the STORE and insufficient for the ROUTES, which could still have leaked by deriving the whole proposal type. Both halves are now closed, and the second is the one that would have failed. The trust test is the plan's own note: a preference poll that made its participants more visible becomes a status ladder within two releases, and §19.15's 'a vote never grants the proposer anything personal' is cheap to state and expensive to retrofit. Opening a proposal must also not be reachable by a reader below the bar, so that test raises its reader TO the bar rather than leaving it at 0 and refused at the gate: a reader who cannot act cannot demonstrate that acting grants nothing."
M59-21,library,"Cross-source identity: story_identities and story_identity_members exist, one work page lists its local and external copies, and an external member grants no access to any body",M59,implemented-locally-tested,test a_work_can_hold_an_external_member_naming_a_location_with_relation_cross_posted; test an_identity_resolves_to_one_work_page_listing_local_and_external_copies,"Spec §11.10, which has never been implemented. Added 2026-09-27 after a probe found the table name absent from crates/ and migrations/ and ABSENT FROM THIS CSV, which is why the roadmap seeder never seeded it. What exists is library_items (0006) with UNIQUE(account_id, source_key, source_work_key) and a nullable work_id whose own comment says it is 'NULL for a private-library copy, which is what this milestone produces' - so importing the same fic from two sites gives two unrelated rows and no link. §11.10's six-way distinction is unimplemented in every part"
M59-22,library,An identity member cannot be created by inference - only by a crosspost this instance performed; edition_relation ships with cross_posted alone,M59,implemented-locally-tested,test an_identity_member_cannot_be_created_by_similarity_of_title_author_or_url; test every_member_row_names_a_crosspost_this_instance_performed; verified by adding a canonical_title matcher inside ensure_identity_for_work and watching the suite go red,"Spec §11.10b §7.2. A translation recorded as cross_posted tells a reader two texts are one and an unrelated_lookalike recorded as cross_posted is the exact failure §11.10 exists to prevent, so the classifier does not ship in this milestone. Inference is unrecoverable: no later fix removes a wrong linkage a reader already believed. The other relations (same_source_reprint, translation, adaptation, unrelated_lookalike) and the merge machinery belong to §11.10's own milestone"
M59-23,library,identity_merge_proposals and identity_merge_history exist as empty tables and nothing writes to them,M59,implemented-locally-tested,test the_two_merge_tables_exist_and_nothing_writes_to_them,"Spec §3 names four tables for cross-source identity and only two are built. Creating the other two empty makes the data model honest and gives the roadmap seeder a row, which is the mechanism by which §11.10 was invisible before. Building the governance of a thing that has no data is backwards, so no writer lands in this milestone"
M59-24,library,A body audience narrows who may read a body this instance holds: anyone | accounts_only | trust_at_least_N | role:operator | role:vanguard | role:curator,M59,implemented-locally-tested,crates/app/tests/retention_routes.rs — body audience narrowing,"Spec §7.7, on the owner's instruction 2026-09-27. Not a per-request override (which §11.15 forbids) but an operator narrowing applied uniformly. Default 'anyone' means an instance that sets nothing behaves exactly as today, so this is additive. Settable per instance, per source family and per work; narrowest wins; a widening is refused by name at the setter. Built by M59 phases C/C1/D; this row was still `planned` because the ledger was not updated when those phases landed. Verified by the named suite, not by this row."
M59-25,library,"The rating ceiling is evaluated before the body audience, and no role value bypasses an age-state refusal",M59,implemented-locally-tested,crates/app/tests/retention_routes.rs — the rating ceiling before audience,"Spec §7.7.2. can_access_content's existing trusted_reviewer branch returns Decision::Allow unconditionally and so bypasses both the rating ceiling and the lifecycle check; that branch is a deliberate review-context exception and is NOT extended to the audience. §0.3's child-safety protection is the one thing an audience may not trade away, which makes the evaluation ORDER the whole safety property of this feature. Built by M59 phases C/C1/D; this row was still `planned` because the ledger was not updated when those phases landed. Verified by the named suite, not by this row."
M59-26,library,A reader outside the body audience receives responses byte-identical to a reader asking about a work that does not exist,M59,implemented-locally-tested,crates/app/tests/retention_routes.rs — the indistinguishable refusal,"Spec §7.7.3, and a stronger promise than §3.3. Indistinguishability, not concealment: the owner asked that a gated reader have no idea whether the instance hosts bodies at all. A test asserting status==404 passes while a leaking header or a body-affordance tooltip survives, so the assertion is a paired-response comparison, not a status code. Specific leaks named: chapter 403-vs-404, disabled download/export buttons with tooltips, search result counts, and a 'new chapter available' notification. Built by M59 phases C/C1/D; this row was still `planned` because the ledger was not updated when those phases landed. Verified by the named suite, not by this row."
M59-27,library,"A role:vanguard body gate consults vanguard membership and never a resonance score, and no reader learns a resonance from a refusal",M59,implemented-locally-tested,crates/app/tests/retention_routes.rs — the vanguard gate,"Spec §7.7.5. Vanguard is §16.18's Taste Vanguard - users selected for resonance with the operator's taste profile so the instance does not rely on the operator's signals alone - and the selection method is configuration (vanguard.method). §0.3 forbids the operator's taste being visible, inferable or reachable as a rule, so the gate asks 'is this account currently a vanguard', never how aligned it is. Curator is §32's separate media curator role with its own min_trust_level. Built by M59 phases C/C1/D; this row was still `planned` because the ledger was not updated when those phases landed. Verified by the named suite, not by this row."
M60-02,platform,"A published snapshot contains no known plaintext PII anywhere in its bytes, including comments and tool metadata",M60,implemented-locally-tested,"crates/app/tests/snapshot_anonymisation.rs a_masked_dump_contains_no_canary_in_any_of_its_bytes — 10/10 on SQLite and 10/10 on PostgreSQL. Reads the dump as BYTES, because a canary in a pg_dump comment is invisible to a query and is exactly the leak this row is about. Re-confirmed against the artefact take-snapshot.sh actually publishes: 0 occurrences of the original account id, 0 of the original email.","Spec §11.16.7. The test reads the dump as BYTES rather than querying the restored database, because a canary in a pg_dump comment is invisible to a query and is exactly where a real leak survives review | BUILT at 2718480: build-snapshot-sql.py generates the mask from the policy file and reads the LIVE schema; the snapshot ships as TABLES because pg_dump emits a view (plain OR materialized) as a definition with no rows. 3 tests green  and verified RED: reverting the re-key + email mask fails the byte scan while the other two stay green. Control test required: without it the unmasked dump is never proven to contain the canaries  and 'empty' passes as 'masked'. M60-02 also found and fixed 0092's re-key functions  which had never worked inside a view (LANGUAGE sql inlining)."
M60-05,platform,An instance in aggregate retention mode publishes a snapshot containing no chapter body text,M60,implemented-locally-tested,"an_aggregating_instance_publishes_no_chapter_body_text — 10/10 both engines. Behaviourally confirmed beyond the test: cache mode keeps 1870 columns, aggregate keeps 1857, and the 13 difference are exactly the keep_gated body columns, each replaced by 'redacted: instance runs in aggregate retention mode (11.16.6)'.","Spec §11.16.6. §7.7 exists to keep a body from a reader outside its audience and body_audience is not expressible in a SQL dump, so §11.15's cache|aggregate is what decides this and a shared dump is a decision rather than a default | BUILT: build-snapshot-sql.py --mode instance reads instance_retention_policy  so the decision comes from the row 11.15 already records rather than a flag someone can get wrong. aggregate replaces every keep_gated column; cache ships bodies (11.16.6 permits it -- the body IS the dataset). Verified RED: disabling the gate fails ONLY the aggregate test  the other four stay green. FOUND: chapter_revisions.plain_text/sanitized_html/document_json -- the actual chapter body in three shapes -- were absent from the policy entirely  and the M60-01 gate passed anyway. Plus 5 more body-bearing columns. keep_gated is now 11 columns."
M60-06,platform,No snapshot surface publishes a body_audience value,M60,implemented-locally-tested,"no_snapshot_publishes_a_body_audience_value_or_the_column_that_holds_it — 10/10 both engines. Grepped the real published dump: 2 occurrences of the token, both inside _migrations ledger rows naming migration 0086 — a migration NAME, not a value. The works.body_audience column itself is absent from the dump (drop_column).","Spec §7.7.3 as it applies to a dump: an access rule that is readable is not one, and publishing the rule invites bypassing it | BUILT: works.body_audience was marked `keep` and shipped VERBATIM. A snapshot built on 2026-09-29 carried a work with body_audience='trust_at_least:5' in the clear -- publishing both the audience and the trust THRESHOLD. Now drop_column. The test asserts BOTH the value and the COLUMN NAME are absent  because a dump with a body_audience column of NULLs still reveals which works are restricted and 'dropped entirely' is not a column of nulls. Verified RED: restoring `keep` fails only this test. The canary is a real legal value  since works_body_audience_valid is a CHECK constraint and a fake string cannot be seeded.M60-07 platform A snapshot is never published over a clearnet channel, and the preflight refuses with a named reason M60 planned scripts/check-snapshot-channel.sh, with each of its six refusals demonstrated by running it Spec §11.17.1 and §11.17.2. The two halves fail independently: anonymised data over clearnet still identifies the operator by timing, and an encrypted dump over clearnet still discloses the location. A monthly cadence makes this worse than a one-off, because a recurring upload from a stable address is a subscription to being located"
M60-08,platform,"Consecutive snapshots use a different I2P destination, a different unpublished timestamp offset, and a different passphrase",M60,implemented-locally-tested,"Two consecutive build-snapshot-sql.py --random-timestamp-offset runs: 319 days vs 291 days, 50 changed lines, 25 distinct timestamp expressions shifted per-column (not just the comment). Offset printed to stderr and absent from the generated SQL and from the manifest, so it is applied but never published.","Spec 11.16.5 and 11.17.4. Cadence is a privacy parameter, not a convenience: correlation across months is the actual threat, and a reused destination or offset makes the whole series attributable to one identity. The offset value goes to stderr ONLY -- the generated SQL shows that a shift happened, which 11.16.3 needs for the construction to be checkable, but not how large it was, because an offset recorded beside the dump is a PUBLISHED offset. Owner decision (2026-09-29): a random offset within a bounded window, chosen per run, so consecutive snapshots differ by construction rather than by operator discipline."
M60-09,platform,A snapshot that does not restore into an empty database and pass doctor is not published,M60,implemented-locally-tested,"scripts/take-snapshot.sh run END TO END on a 277-table / 92-migration Postgres source. Exit 0. Verified from the RECIPIENT side: decrypted the published .age with its passphrase, decompressed, restored into an empty database (70 snapshot_masked tables, 92-row ledger, restore exit 0) and ran `lorehaven doctor` against it — 18 checks, 0 failing. RUNNING IT FOUND FIVE DEFECTS, ONE CRITICAL: the dump had no schema filter, so the published artefact contained all 277 UNMASKED public tables beside the 70 masked ones — original account ids, original emails, and works_index/ip_policy/secrets which the policy forbids publishing. Every gate was green on it (the canary suite builds its own dump and never runs the script; the PII gate checks policy not bytes; doctor's migration check passes BECAUSE the unmasked schema was present). Fixed with -n snapshot_masked plus a bytes-level assertion that refuses to publish any original-schema table, proven to fire on a simulated breach. Also fixed: createdb/psql connected over the socket instead of the given URL; doctor --strict could never pass so the gate refused everything; set -e killed the script on a bare grep; age could not read a piped passphrase; command substitution stripped the confirmation newline; the intermediates cleanup removed a path zstd never wrote.","Spec 11.16.7 step 5, and a product requirement rather than a nicety: a snapshot that does not restore is worse than no snapshot, because a recipient is the one who discovers it. The leak tests could not have caught this one: they assert what is ABSENT, and the failure was a row that should have been PRESENT."
M60-10,platform,"The masking rules and the distribution channel are separate concerns, and neither is allowed to do the other's job",M60,implemented-locally-tested,"scripts/check-snapshot-channel.py --self-test: 11 named refusals each demonstrated by RUNNING it, plus 4 positive controls, exit 0. The passphrase path was additionally verified end to end: the passphrase reaches age on stdin through a pty allocated by script(1), never in argv, never in the environment, and never on disk.","Spec §11.17.1. The owner's own framing ('the key is to separate the data preparation from the distribution') made this a requirement; each half is verified by breaking the other, so neither can quietly become the whole of the safety story"
M60-11,platform,"A snapshot re-keys account_id and accounts.id on the same deterministic basis as pseud_id, with a different salt",M60,implemented-locally-tested,"an_account_id_re_keys_to_the_same_derivation_as_accounts_id_so_the_join_survives — 10/10 both engines. Confirmed against the published artefact too: source accounts.id 01959000-0000-4000-8000-000000000001 becomes 6d0b4fa3-e243-457b-af3c-8c49e72f226f, a version-4 UUID, with the email hashed to @snapshot.invalid."," snapshot_pseud <> snapshot_account on the same input  and the original account id is absent from the dump bytes. Verified RED: reverting ONE column to rekey_text fails only the join assertion.nd snapshot_account of the same input differ; and a byte-level assertion that no original account id appears in the dump Spec §11.16.3b, and the requirement most likely to be implemented backwards. account_id appears in 26 tables and is a foreign key to accounts.id, so a snapshot that re-keys pseud_id and keeps account_id has obscured the public handle while leaving the identifier that still joins to the table holding the email -- and it LOOKS de-identified, because every behavioural column is pseudonymous. Different salts per derivation so an observer cannot learn that a pseud_id and an account_id belong together, which the shared namespace would otherwise make trivial | BUILT  and it WAS implemented backwards -- exactly as the spec warned. 55 of 56 uuid account_id columns were classified rekey_text  which emits a `snp_` TEXT hash  while accounts.id is re-keyed to a uuid. A text hash cannot equal a uuid  so every one of those foreign keys was silently severed: the snapshot still LOOKED de-identified because every behavioural column read as pseudonymous  while the identifier that joins to the table holding the email was left behind. All 55 now rekey_account. The test asserts all three of the requirement's clauses separately -- the join survives  the two derivations DIFFER  and the original id is absent from the bytes. Verified RED: reverting one column to rekey_text fails only the join assertion. Salts were already separate (snapshot_pseud != snapshot_account on the same input)  so only the salt-sharing clause was ever at risk and it was not.M61-01 imports A decision model may narrow a §11.14 acceptance to a hold, and may do nothing else M61 implemented-locally-tested crates/decisions/src/reconcile.rs::reconcile, reached from ImportedWork::classify_quality_calibrated (crates/domain/src/imports.rs). Tests: a_rejection_stands_even_at_maximum_confidence_that_it_is_a_work, a_held_is_never_promoted_to_accepted_however_certain_the_model_is, sweeping_the_posterior_crosses_over_exactly_once_and_the_right_way, the_model_cannot_outvote_an_empty_author_or_a_zero_word_count. Mutations killed: inverting the threshold, letting the model reject, letting it promote a held, and a non-monotone band in the middle. Spec §11.14 as amended by docs/spec-amendments/calibrated-decision-models.md §3.1. The asymmetry is the safety property: a rejection is structural (an empty author is arithmetic, not a judgement) and an acceptance rests on evidence a text model never sees. The model's ceiling is a hold, which a person reviews. Verified on thinkcentre: a real Laya answers 0.98-0.99 on a refund question and the client reaches it."
M61-02,imports,"A decision model answer that is not a probability is refused, not clamped",M61,implemented-locally-tested,"crates/decisions/src/lib.rs::Answer::check_probabilities. Tests: a_nan_is_refused_rather_than_clamped, an_infinite_probability_is_refused, a_distribution_totalling_above_one_is_refused, a_score_may_exceed_one_because_it_is_a_position_not_a_probability.","A NaN posterior takes the ACCEPT branch of every `p < threshold` test, so the model's least meaningful output would become the most permissive one. A 1.9 clamped to 1.0 is maximum confidence out of garbage. A score is a POSITION on a scale, so range-checking it against 1.0 would refuse every score model that ever answered; only finiteness is checked there."
M61-03,config,"The decision provider is opt-in, and an unusable threshold stops the instance starting",M61,implemented-locally-tested,"DecisionsConfig in crates/app/src/config.rs with DecisionProvider::Deterministic as the default, [decisions] in lorehaven.toml.example, and check_thresholds() called from the loader. Tests: a_nan_threshold_is_refused_rather_than_silently_accepted, an_infinite_threshold_is_refused, a_threshold_outside_the_unit_interval_is_refused, a_floor_above_the_threshold_is_refused, an_instance_that_configured_nothing_is_deterministic, the_shipped_example_decisions_section_means_what_it_says.","The thresholds are compared with partial_cmp rather than !(a <= b): every comparison against NaN is false, so !(a <= b) rejects it — but only by accident, and the next reader cannot tell that from a deliberate double negative. The API key is read from LOREHAVEN_DECISIONS_API_KEY and never from the file, because a key in a config file is a key in a git repository, a backup and a paste into a bug report."
M61-04,imports,The decision client speaks the model's actual wire format,M61,implemented-locally-tested,"crates/decisions/src/lib.rs, pinned by a_yes_no_question_is_spelled_noul_on_the_wire, the_request_carries_a_key_once_and_the_model_wants_it_once, a_request_body_is_model_state_and_questions_and_nothing_else. Verified end to end by `cargo run -p lorehaven-decisions --bin probe` on thinkcentre.","Both bugs here were found ONLY by the running model, which answered 422 where curl had answered 0.9965: the question type is `noul` and not `yesno`, and the key must appear only as the object key and not repeated inside the value. A mock written from the same reading of the docs accepts both, which is why these are wire-format assertions rather than round trips. The error body is now kept on DecisionError::Status; discarding it turned a one-line diagnosis into a bisect."
M61-05,governance,"The decision audit records what was decided and on what evidence, and never the text it judged",M61,implemented-locally-tested,"migration 0088 in both dialects, crates/db/src/decision_audit.rs, and the route at GET /api/v1/decisions/audit (was an unconditional { items: [] }). Tests: a_null_posterior_survives_the_round_trip_as_null_and_not_as_zero, the_row_where_the_model_narrowed_keeps_both_answers, a_second_decision_about_one_subject_adds_a_row_rather_than_replacing_one, the_trail_carries_the_subject_id_and_never_the_graded_text, has_a_model_narrowed_anything. 12 mutations killed.","Three decisions, each load-bearing. The subject is an id and never the graded text: an audit holding the words it judged would be a second copy of a reader's writing with none of the first copy's rules -- no deletion path, no export, no visibility level, no author who can see it. Both answers are stored, because the rows that PROVE the model stayed one-directional are exactly those where deterministic != outcome. A NULL posterior is not zero confidence: four situations produce it and collapsing them into 0.0 tells an operator a model confidently said no. has_a_model_narrowed_anything asks the safety property of the RECORDED ROWS rather than asserting it in a test, and deliberately has no query for the converse, so the property that must never hold has no code path that could claim it does."
M61-06,governance,"The instance discloses which provider classifies, to every reader, and nothing about where it runs",M61,implemented-locally-tested,"DecisionsSummary in crates/app/src/routes/meta.rs. Tests: an_instance_that_configured_nothing_still_discloses_a_provider, a_calibrated_instance_says_so_to_a_reader_who_is_not_signed_in, the_disclosure_names_the_provider_and_nothing_about_where_it_runs, the_retention_disclosure_beside_it_is_untouched. 5 mutations killed, including always-says-deterministic, a hardcoded threshold, and leaking base_url or api_key.","Amendment 3.4, beside the retention disclosure body_audience_indistinguishability.rs already pins. A DETERMINISTIC instance reports ""deterministic"" rather than omitting the field: a missing field is indistinguishable from an old server, and a client that renders it as ""the instance does not filter"" has been told something false. Exactly three fields -- provider, accept_threshold, consult_floor -- and the test pins the key SET, so a fourth field cannot slip past. The no-leak test is scoped to the decisions block rather than the whole body, because /meta already carries a correct top-level base_url and a whole-body scan for ""base_url"" fails against it."
M62-01,positivity,The composer shows a live confidence percentage that a draft would be flagged as passive-aggressive or hostile,M62,evaluated-and-rejected,"docs/spec-amendments/composer-positivity-indicator.md. Measured against the live model on thinkcentre, not from vendor docs.","REJECTED ON MEASUREMENT. 28 labelled texts (10 hostile, 18 clean, 8 of them hard negatives -- sharp but legitimate criticism). No threshold works: at 0.5 it catches 3/10 hostile while false-flagging 0/18 clean. The misses are the interesting cases: 'I bet your mother would be ashamed of you' scores 0.075, 'your reading comprehension is genuinely shocking' 0.010, BELOW the worst clean text (0.0425). Not a prompt problem: 5 further framings (insult, belittling, passive-aggressive, dismissive, attacking-a-person) gave 0/30 combinations reaching 0.5. Latency p50 2.6-2.8s, p95 3.3s against the vendor's 'well under a second', so 'every 500ms' is off by 5x and a live indicator would be visibly stale behind the writer. The model detects OVERT insult and profanity, not indirect or demeaning hostility. The lesson: a calibrated probability is calibrated to the QUESTION IT WAS ASKED -- Laya's noul is well-calibrated for 'contains profanity or an overt insult', and reading it as an answer about passive aggression is the error the familiar 0-1 format makes easy. Rejected partly on policy: the clean texts scoring highest are exactly the honest criticism a forum exists for, so any threshold low enough to catch the misses starts punishing them, and that is the operator's call."
M60-01,platform,A column added to a PII-bearing table cannot be published until the snapshot policy classifies it,M60,implemented-locally-tested,"scripts/check-snapshot-pii.py (exit 0, 2014 columns / 276 tables) + --self-test (exit 0, 4 properties). Found RED on 4 undecided columns on first run, 2 of them added by M59-10 hours earlier. Gate gained a CONTENT_NAME_RE fan-out after it proved silent on reader_body_copies.plain_text; the fan-out then surfaced 5 more ungated body columns, all decided. 4th self-test probe added so the fan-out cannot be deleted unnoticed.","The inventory is DERIVED from migrations/postgres/*.sql, not hand-listed, and that is the whole design. A hand-kept list cannot detect the case it exists for: a new column is missing from BOTH the known-columns list and the policy list, so the gate passes. 1950 columns across 269 tables, 175 needing a decision. Covered tables need EVERY column decided; any other table needs one only when the name says it carries an identity. The self-test caught two real defects in the gate itself: an ^-anchored regex missed submitter_ip (real names are qualified in front -- recovery_email, user_agent, author_ip), and .match() with an unanchored pattern silently never matched. Fixing those found 12 more columns, including dmca_takedowns.claimant_email -- a natural person's email on a table no list of 'obvious' PII tables would contain, because a DMCA claimant is not a pseud. A pass means a decision EXISTS, not that it is right; the gate cannot see whether anyone thought about it, which is why each entry carries reviewed_by. Deliberately NOT committed: a generator script, because re-running it to absorb a new migration removes the human decision and the gate would always pass."
M60-03,platform,"The snapshot re-key preserves the pseud_id join: one original yields one replacement, and the join survives",M60,implemented-locally-tested,"migrations/postgres/0092_snapshot_rekey.sql (snapshot_pseud, snapshot_account) + crates/app/tests/snapshot_rekey.rs","Six properties, each with the failure it catches, verified against a real Postgres. 6 mutations killed. A per-row re-key passes 'does it run' and restores cleanly; the result is a set of unrelated tables and a dataset with no value, and nothing complains until someone uses it. The two functions are separate BY DESIGN: sharing a salt means anyone holding a re-keyed pseud_id table can join it to the re-keyed accounts table and recover exactly the mapping the snapshot withholds -- a failure invisible to any test that checks one function at a time, and the reason 11.16.3b calls account_id the key a first draft misses. A finding that changed the pipeline design: the re-key CANNOT be applied in place in any order. Updating the child first trips works_owner_pseud_id_fkey (parent does not hold the new value yet); updating the parent first trips it too (child still holds the old one). The constraint is per-statement, so no ordering of two statements satisfies both. The pipeline must copy to a scratch database and mask there. Found by running it, not by reading the spec. Also: CREATE EXTENSION pgcrypto is in the migration, because it applied cleanly against a long-lived database where it had been installed by hand and then failed on a fresh scratch database -- a migration that only works on the database its author tested against fails on every operator's clean install."
M60-04,platform,"The snapshot re-key produces a version-4 UUID, not merely a string that parses as one",M60,implemented-locally-tested,crates/app/tests/snapshot_rekey.rs::the_rekey_is_a_version_four_uuid_and_not_merely_a_uuid_shaped_string,"Characters 15 and 20 asserted SEPARATELY from the determinism and distinctness tests, because a derivation emitting a valid-looking UUID of the wrong version passes all of those: the ::uuid cast succeeds, determinism holds, distinctness holds, and only a reader keying on the version or variant notices. Version nibble forced to 4, RFC 4122 variant nibble to a, written directly into the hash output rather than hoped for. The identity case is asserted too, and it is the one worth having: mutation-proven. Making snapshot_pseud return its input unchanged is idempotent (so determinism passes), preserves distinctness, and leaves every join intact (so the join test passes) -- 4 of the 6 tests green against a function that publishes the REAL pseud_id of a real person. the_rekey_is_not_the_identity_on_the_input exists because that mutant was found and initially survived: the first attempt at it removed only the salt, which is a weaker hash rather than the identity, and correctly still passed. The test had to target the genuine no-op to be worth anything."
M38.doctor_strict_makes_warnings_fatal,platform,"doctor --strict makes a warning exit non-zero; the flag is currently declared, accepted and ignored",M38,implemented-fully-tested,"Verified by RUNNING the built binary, not by reading the source: on an instance with 0 failing and 1 warning, `doctor` exits 0 and `doctor --strict` exits 1 (same 19-check report both times). crates/app/src/lib.rs:139 reads args.strict; doctor::run binds _args because --strict changes the EXIT CODE and not the report, so the report is byte-identical either way.","Spec 38.7.1. THE PREVIOUS NOTE WAS WRONG and is corrected here: it claimed 'doctor::run binds it as _args at doctor.rs:88 and never reads it, so --strict returns zero with 0 failing, N warnings' as a VERIFIED DEFECT. That is not a defect -- the binding in doctor::run is unused because --strict acts at the call site in lib.rs, not on the report. Correcting a row that names a source line is exactly the kind of drift docs/goal.md's correction rule exists to stop, so the claim was settled by running the binary rather than by re-reading the code."
M38.doctor_skips_carry_a_reason,platform,"A doctor check that could not run reports Skipped with a mandatory reason, never as ok and never bare",M38,implemented-fully-tested,"crates/app/src/doctor.rs tests (6 new: a skip renders as neither ok nor warn; a skip is neither a warning nor a failure; a skip carries its reason; a skip alongside a warning leaves the warning countable; plus two below). Severity gained a Skipped variant. Injections: suppressing the NOT CHECKED block fails 2, rendering a skip as 'warn' fails 2.","Spec 38.7.2. VERIFIED: previously true. Severity::{Ok,Warning,Fatal} had no skip state. A Skipped variant is NOT a Warning on purpose -- a warning says 'I looked and this is wrong', a skip says 'I did not look', and if skips counted as warnings then every --strict run on a healthy instance would exit 1 over four permanent structural skips and operators would learn to ignore the exit code."
M38.doctor_ends_with_what_it_did_not_check,platform,doctor's report ends with a NOT CHECKED block naming the areas it could not observe from the box,M38,implemented-fully-tested,"crates/app/src/doctor.rs tests: the_not_checked_block_comes_last (asserts the summary precedes it and nothing renders after), the_not_checked_block_appears_even_when_nothing_is_wrong (asserts the block prints on Report::default()), every_run_ends_by_naming_what_it_cannot_observe (pins the four structural areas). Verified by RUNNING the binary: a real doctor run prints '4 not checked' and ends with the NOT CHECKED block.","Spec 38.7.3. VERIFIED: previously true -- render() ended with a count and stated nothing about coverage. Four areas are now named on EVERY run: backup restore, worker network egress, TLS termination, search index freshness. The block prints even when the list is empty, with a line saying so, because an empty block would itself read as full coverage. That last part is asserted: suppressing the block fails the test."
M38.doctor_ok_implies_the_probe_ran,platform,Every doctor check reporting Ok executed its probe; the snapshot check restores rather than reading a manifest,M38,implemented-fully-tested,"crates/app/src/doctor.rs tests (3 new: the_snapshot_gate_check_ran_the_script, a_gate_that_cannot_run_is_a_skip_carrying_its_reason, a_gate_that_refuses_is_reported_as_a_failure). The check spawns python3 scripts/check-snapshot-pii.py and reports the script's own last line; verified by running the binary ('24 check(s)' including snapshot-gate, 'OK: 2024 columns across 277 tables').","Spec 38.7.5. Trap 3's shape was reproduced as an injection and caught -- but ONLY after the first assertion was hardened. The first version asserted the detail contained 'columns across', and an injection that hardcoded that same sentence PASSED it: Trap 3 surviving the test written for Trap 3. The assertion now runs the script and compares against its actual last line, so a hardcoded detail cannot satisfy it. Worth remembering: a test asserting on output that reporting code itself formats can be faked by the reporting code."
